Book Id,Title,Author,Author l-f,Additional Authors,ISBN,ISBN13,My Rating,Average Rating,Publisher,Binding,Number of Pages,Year Published,Original Publication Year,Date Read,Date Added,Bookshelves,Bookshelves with positions,Exclusive Shelf,My Review,Spoiler,Private Notes,Read Count,Owned Copies
195820807,"Just for the Summer (Part of Your World, #3)",Abby Jimenez,"Jimenez, Abby",,1538704439,9781538704431,0,4.36,Forever,Paperback,432,2024,2024,2024/04/02,2024/04/10,,,read,,,,2,0
91274427,What You Are Looking For Is in the Library,Michiko Aoyama,"Aoyama, Michiko",Alison Watts,1335005625,9781335005625,0,4.05,Hanover Square Press,Hardcover,304,2023,2020,2023/07/27,2023/08/01,,,read,,,,2,0
51933429,The Guest List,Lucy Foley,"Foley, Lucy",,,,0,3.80,William Morrow,Hardcover,330,2020,2020,2021/04/28,2021/05/10,,,read,,,,1,0
38097931,The Art of Inheriting Secrets,Barbara O'Neal,"O'Neal, Barbara",,1503956393,9781503956391,0,4.26,Lake Union Publishing,Kindle Edition,365,2018,2018,2021/05/08,2021/05/11,,,read,,,,1,0
40097951,The Silent Patient,Alex Michaelides,"Michaelides, Alex",,1250301696,9781250301697,0,4.17,Celadon Books,Hardcover,336,2019,2019,2021/05/07,2021/05/10,,,read,,,,1,0
37642030,The Hunting Party,Lucy Foley,"Foley, Lucy",,0008297126,9780008297121,0,3.60,HarperCollins UK,Paperback,406,2019,2018,2021/08/10,2021/08/19,,,read,,,,1,0
36809135,Where the Crawdads Sing,Delia Owens,"Owens, Delia",,0735219117,9780735219113,0,4.37,G.P. Putnam’s Sons,ebook,384,2018,2018,2022/04/04,2022/04/21,,,read,,,,1,0
40389527,The Woman in the Window,A.J. Finn,"Finn, A.J.",,,,0,3.94,William Morrow,Kindle Edition,455,2018,2018,2021/05/02,2021/05/10,,,read,,,,1,0
1,"Harry Potter and the Half-Blood Prince (Harry Potter, #6)",J.K. Rowling,"Rowling, J.K.",,,,0,4.58,Scholastic Inc,Paperback,652,2006,2005,2021/01/06,2021/05/10,,,read,,,,1,0
3,"Harry Potter and the Sorcerer's Stone (Harry Potter, #1)",J.K. Rowling,"Rowling, J.K.",,0439554934,9780439554930,0,4.47,Scholastic Inc,Hardcover,309,2003,1997,2021/01/02,2021/05/10,,,read,,,,1,0
15881,"Harry Potter and the Chamber of Secrets (Harry Potter, #2)",J.K. Rowling,"Rowling, J.K.",Mary GrandPré,,,0,4.43,Arthur A. Levine Books,Hardcover,352,1999,2002,2021/01/02,2021/05/10,,,read,,,,1,0
6,"Harry Potter and the Goblet of Fire (Harry Potter, #4)",J.K. Rowling,"Rowling, J.K.",Mary GrandPré,0439139597,9780439139595,0,4.57,Scholastic,Paperback,734,2002,2000,2021/01/04,2021/05/10,,,read,,,,1,0
5,"Harry Potter and the Prisoner of Azkaban (Harry Potter, #3)",J.K. Rowling,"Rowling, J.K.",Mary GrandPré,043965548X,9780439655484,0,4.58,Scholastic Inc.,Mass Market Paperback,547,2004,1999,2021/01/03,2021/05/10,,,read,,,,1,0
2,"Harry Potter and the Order of the Phoenix (Harry Potter, #5)",J.K. Rowling,"Rowling, J.K.",Mary GrandPré,,,0,4.50,Scholastic Inc.,Paperback,870,2004,2003,2021/01/05,2021/05/10,,,read,,,,1,0
136251,"Harry Potter and the Deathly Hallows (Harry Potter, #7)",J.K. Rowling,"Rowling, J.K.",,,,0,4.62,Arthur A. Levine Books,Hardcover,759,2007,2007,2021/01/07,2021/05/10,,,read,,,,1,0
194802722,Funny Story,Emily Henry,"Henry, Emily",,,,3,4.20,Berkley,Kindle Edition,395,2024,2024,2024/05/13,2024/03/19,,,read,,,,2,0
51918871,City of Girls,Elizabeth Gilbert,"Gilbert, Elizabeth",,1594634742,9781594634741,4,4.04,Riverhead Books,Paperback,470,2020,2019,2021/05/10,2021/05/10,,,read,,,,1,0
60784549,In the Lives of Puppets,T.J. Klune,"Klune, T.J.",,125021744X,9781250217448,5,3.90,Tor Books,Hardcover,432,2023,2023,2025/07/27,2023/04/21,,,read,,,,2,0
2767052,"The Hunger Games (The Hunger Games, #1)",Suzanne Collins,"Collins, Suzanne",,0439023483,9780439023481,0,4.35,Scholastic Press,Hardcover,374,2008,2008,2025/04/20,2025/04/23,,,read,,,,1,0
63209880,"The House Witch 3 (The House Witch, #3)",Delemhach,"Delemhach, Delemhach",,103942127X,9781039421271,0,4.50,Podium Publishing,Kindle Edition,375,2023,2023,,2025/09/15,currently-reading,currently-reading (#4),currently-reading,,,,1,0
62324167,"The House Witch 2 (The House Witch, #2)",Delemhach,"Delemhach, Delemhach",,1039415040,9781039415041,4,4.41,Podium Publishing,Kindle Edition,358,2022,2022,2025/09/15,2025/09/10,,,read,,,,1,0
213004475,"Kingdom of Claw (The Ashen, #2)",Demi Winters,"Winters, Demi",,,,0,4.37,Dell,Kindle Edition,635,2024,2024,,2025/09/15,currently-reading,currently-reading (#3),currently-reading,,,,1,0
57789637,"Daughter of the Moon Goddess (The Celestial Kingdom, #1)",Sue Lynn Tan,"Tan, Sue Lynn",Kuri Huang,0063031302,9780063031302,0,4.07,Harper Voyager,Hardcover,503,2022,2022,,2025/09/15,to-read,to-read (#200),to-read,,,,0,0
214151487,The Women on Platform Two,Laura     Anthony,"Anthony, Laura",,1668047381,9781668047385,0,4.43,Gallery Books,Hardcover,336,2025,2025,,2025/09/15,to-read,to-read (#199),to-read,,,,0,0
61337597,"The House Witch (The House Witch, #1)",Delemhach,"Delemhach, Delemhach",,1039410243,9781039410244,5,4.14,Podium Publishing,Kindle Edition,658,2022,2022,2025/09/10,2025/08/26,,,read,,,,1,0
199698485,The God of the Woods,Liz    Moore,"Moore, Liz",,,,5,4.12,Riverhead Books,Kindle Edition,490,2024,2024,2025/09/09,2024/09/11,,,read,,,,1,0
51979067,Under the Tulip Tree,Michelle Shocklee,"Shocklee, Michelle",,1496446070,9781496446077,5,4.33,Tyndale Fiction,Paperback,400,2020,2020,2025/08/29,2025/08/26,,,read,,,,1,0
213004468,The Road of Bones (The Ashen #1),Demi Winters,"Winters, Demi",,,,0,4.22,Delacorte Press,Kindle Edition,548,2023,2023,,2025/08/27,currently-reading,currently-reading (#2),currently-reading,,,,1,0
221871286,"Shield of Sparrows (Shield of Sparrows, #1)",Devney Perry,"Perry, Devney",,1649378084,9781649378088,4,4.42,Entangled: Red Tower Books,Kindle Edition,658,2025,2025,2025/08/25,2025/05/09,,,read,,,,1,0
199327328,"The Mist Thief (The Ever Seas, #3)",L.J. Andrews,"Andrews, L.J.",,,,4,4.37,Victorious,Kindle Edition,454,2024,2024,2025/08/25,2025/08/13,,,read,,,,1,0
157596797,"The Ever Queen (The Ever Seas, #2)",L.J. Andrews,"Andrews, L.J.",,,,4,4.10,Victorious,Kindle Edition,452,2024,2024,2025/08/19,2025/04/17,,,read,,,,1,0
57429914,The Keeper of Happy Endings,Barbara  Davis,"Davis, Barbara",,1542021480,9781542021487,0,4.46,Lake Union Publishing,Kindle Edition,415,2021,2021,,2025/08/16,to-read,to-read (#198),to-read,,,,0,0
76703559,"Throne of Glass (Throne of Glass, #1)",Sarah J. Maas,"Maas, Sarah J.",,163973094X,9781639730940,0,4.18,Bloomsbury Publishing,Hardcover,406,2023,2012,,2025/08/13,to-read,to-read (#197),to-read,,,,0,0
76705490,"Crown of Midnight (Throne of Glass, #2)",Sarah J. Maas,"Maas, Sarah J.",,1639730966,9781639730964,0,4.36,Bloomsbury Publishing,Hardcover,420,2023,2013,,2025/08/13,to-read,to-read (#196),to-read,,,,0,0
76706470,"Heir of Fire (Throne of Glass, #3)",Sarah J. Maas,"Maas, Sarah J.",,,,0,4.45,Bloomsbury USA Childrens,Hardcover,576,2023,2014,,2025/08/13,to-read,to-read (#195),to-read,,,,0,0
76707900,"Queen of Shadows (Throne of Glass, #4)",Sarah J. Maas,"Maas, Sarah J.",,1639731008,9781639731008,0,4.62,Bloomsbury Publishing,Hardcover,648,2023,2015,,2025/08/13,to-read,to-read (#194),to-read,,,,0,0
76715522,"Kingdom of Ash (Throne of Glass, #7)",Sarah J. Maas,"Maas, Sarah J.",,1639731067,9781639731060,0,4.71,Bloomsbury Publishing,Hardcover,984,2023,2018,,2025/08/13,to-read,to-read (#193),to-read,,,,0,0
76714487,"Tower of Dawn (Throne of Glass, #6)",Sarah J. Maas,"Maas, Sarah J.",,1639731040,9781639731046,0,4.28,Bloomsbury Publishing,Hardcover,663,2023,2017,,2025/08/13,to-read,to-read (#192),to-read,,,,0,0
76713323,"Empire of Storms (Throne of Glass, #5)",Sarah J. Maas,"Maas, Sarah J.",,1639731024,9781639731022,0,4.63,Bloomsbury Publishing,Hardcover,733,2023,2016,,2025/08/13,to-read,to-read (#191),to-read,,,,0,0
214379688,"The Stolen Crown (The Ever Seas, #4)",L.J. Andrews,"Andrews, L.J.",,,,0,4.64,Victorious,Kindle Edition,,,,,2025/08/13,to-read,to-read (#190),to-read,,,,0,0
229029427,"The Ever King (The Ever Seas, #1)",L.J. Andrews,"Andrews, L.J.",,0593955048,9780593955048,4,4.12,Ace,Kindle Edition,464,2023,2023,2025/08/13,2025/07/28,,,read,,,,1,0
220195796,How Freaking Romantic,Emily  Harding,"Harding, Emily",,1668082756,9781668082751,3,3.78,Gallery Books,Kindle Edition,352,2025,,2025/08/09,2025/08/04,,,read,,,,1,0
220161572,The Book of Lost Hours,Hayley Gelfuso,"Gelfuso, Hayley",,1668076349,9781668076347,0,4.21,Atria Books,Hardcover,400,2025,2025,,2025/08/08,to-read,to-read (#189),to-read,,,,0,0
217163697,My Friends,Fredrik Backman,"Backman, Fredrik",Neil   Smith,1982112824,9781982112820,5,4.45,Atria Books,Hardcover,436,2025,2025,2025/08/08,2025/03/17,,,read,,,,1,0
57945316,Babel,R.F. Kuang,"Kuang, R.F.",,0063021420,9780063021426,0,4.16,Harper Voyager,Hardcover,544,2022,2022,,2025/08/04,to-read,to-read (#188),to-read,,,,0,0
209977707,Tale of the Heart Queen (Artefacts of Ouranos #4),Nisha J. Tuli,"Tuli, Nisha J.",,1538767708,9781538767702,3,3.87,Forever,Kindle Edition,664,2024,2024,2025/08/03,2025/07/18,,,read,,,,1,0
222348800,The Wedding People,Alison Espach,"Espach, Alison",,1250899575,9781250899576,0,4.10,Henry Holt and Co.,Hardcover,367,2024,2024,,2025/07/30,to-read,to-read (#187),to-read,,,,0,0
217388276,A Far Better Thing,H.G. Parry,"Parry, H.G.",,1250334187,9781250334183,4,4.01,Tor Books,Paperback,401,2025,2025,2025/07/30,2025/05/15,,,read,,,,1,0
220161164,The Lion Women of Tehran,Marjan Kamali,"Kamali, Marjan",,1668036592,9781668036594,0,4.48,Gallery Books,Paperback,352,2025,2024,,2025/07/21,to-read,to-read (#186),to-read,,,,0,0
207694359,Wish I Were Here,Melissa Wiesner,"Wiesner, Melissa",,,,4,3.67,Forever,Kindle Edition,358,2024,,2025/07/20,2025/07/18,,,read,,,,1,0
191755077,"Trial of the Sun Queen (Artefacts of Ouranos, #1)",Nisha J. Tuli,"Tuli, Nisha J.",,1538767481,9781538767481,3,3.89,Forever,Paperback,400,2023,2023,2025/07/11,2025/02/14,,,read,,,,1,0
191754348,"Rule of the Aurora King (Artefacts of Ouranos, #2)",Nisha J. Tuli,"Tuli, Nisha J.",,1538767651,9781538767658,3,3.97,Forever,Paperback,512,2023,2023,2025/07/15,2025/07/11,,,read,,,,1,0
195436605,"Fate of the Sun King (Artefacts of Ouranos, #3)",Nisha J. Tuli,"Tuli, Nisha J.",,1538767686,9781538767689,3,3.98,Forever,Kindle Edition,556,2024,2024,2025/07/19,2025/07/15,,,read,,,,1,0
59986018,"The Book of Azrael (Gods & Monsters, #1)",Amber V. Nicole,"Nicole, Amber V.",,,,0,4.12,Rose and Star Publishing,Kindle Edition,572,2022,2022,,2025/07/19,to-read,to-read (#185),to-read,,,,0,0
203086569,Within Arm's Reach,Ann Napolitano,"Napolitano, Ann",,0593732502,9780593732502,0,3.47,The Dial Press,Kindle Edition,332,2024,2004,2024/09/22,2024/06/07,,,read,,,,1,0
216599364,I See You've Called in Dead,John Kenney,"Kenney, John",,,9798989923038,5,4.14,Zibby Publishing,Kindle Edition,298,2025,2025,2025/07/17,2025/05/13,,,read,,,,1,0
123029113,A Witch's Guide to Magical Innkeeping,Sangu Mandanna,"Mandanna, Sangu",,,9780593439388,0,4.10,Berkley,ebook,336,2025,2025,,2025/07/17,to-read,to-read (#184),to-read,,,,0,0
62816044,"A Curse for True Love (Once Upon a Broken Heart, #3)",Stephanie Garber,"Garber, Stephanie",,1250851203,9781250851208,0,4.16,Flatiron,Hardcover,386,2023,2023,2025/07/08,2025/06/28,,,read,,,,1,0
59808071,"The Ballad of Never After (Once Upon a Broken Heart, #2)",Stephanie Garber,"Garber, Stephanie",,1250268427,9781250268426,0,4.49,Flatiron Books,Hardcover,416,2022,2022,2025/07/06,2025/06/28,,,read,,,,1,0
55987278,"Once Upon a Broken Heart (Once Upon a Broken Heart, #1)",Stephanie Garber,"Garber, Stephanie",,1250268397,9781250268396,0,4.06,Flatiron Books,Hardcover,408,2021,2021,2025/07/02,2025/06/28,,,read,,,,1,0
218572920,Great Big Beautiful Life,Emily Henry,"Henry, Emily",,,,5,3.99,Berkley,Kindle Edition,427,2025,2025,2025/06/30,2025/04/21,,,read,,,,1,0
221057098,"Queen of Shadows and Ruin (The Nightfire Quartet, #4)",Nisha J. Tuli,"Tuli, Nisha J.",,1836184158,9781836184157,0,4.19,Second Sky,Kindle Edition,491,2025,2025,2025/06/28,2025/06/09,,,read,,,,1,0
211051568,The Stolen Queen,Fiona  Davis,"Davis, Fiona",,0593474295,9780593474297,4,3.93,Dutton,Kindle Edition,349,2025,2025,2025/06/24,2025/01/09,,,read,,,,1,0
154462768,Ready or Not,Cara Bastone,"Bastone, Cara",,0593595718,9780593595718,0,3.96,Dial Press Trade Paperback,Paperback,367,2024,2024,,2025/06/21,to-read,to-read (#183),to-read,,,,0,0
215574505,"Storm of Ink and Blood (The Nightfire Quartet, #3)",Nisha J. Tuli,"Tuli, Nisha J.",,1835252133,9781835252130,0,4.09,Second Sky,Kindle Edition,460,2024,,2025/06/20,2025/06/09,,,read,,,,1,0
199178847,"Dance of Stars and Ashes (The Nightfire Quartet, #2)",Nisha J. Tuli,"Tuli, Nisha J.",,1835251935,9781835251935,0,4.18,Second Sky,Kindle Edition,402,2024,2024,2025/06/16,2025/06/09,,,read,,,,1,0
39971465,The Only Woman in the Room,Marie Benedict,"Benedict, Marie",,1492666866,9781492666868,0,3.87,Sourcebooks Landmark,Hardcover,312,2019,2019,,2025/06/12,to-read,to-read (#182),to-read,,,,0,0
43263520,The Grace Year,Kim Liggett,"Liggett, Kim",,1250145449,9781250145444,0,4.14,Wednesday Books,Hardcover,416,2019,2019,,2025/06/11,to-read,to-read (#181),to-read,,,,0,0
193898666,"Heart of Night and Fire (The Nightfire Quartet, #1)",Nisha J. Tuli,"Tuli, Nisha J.",,1837904863,9781837904860,0,3.86,Second Sky,Kindle Edition,370,2023,2023,2025/06/11,2025/06/09,,,read,,,,1,0
209668781,"Onyx Storm (The Empyrean, #3)",Rebecca Yarros,"Yarros, Rebecca",,1649376944,9781649376947,5,4.21,Entangled: Red Tower Books,Kindle Edition,758,2025,2025,2025/06/08,2025/01/21,,,read,,,,1,0
199796715,Margo's Got Money Troubles,Rufi Thorpe,"Thorpe, Rufi",,0063356600,9780063356603,4,3.84,William Morrow,Kindle Edition,368,2024,2024,2025/05/30,2025/01/23,,,read,,,,1,0
75294612,The Roaring Days of Zora Lily,Noelle Salazar,"Salazar, Noelle",,0778305201,9780778305200,4,4.17,MIRA,Paperback,416,2023,2023,2025/05/27,2023/10/31,,,read,,,,1,0
218126170,"The Knight and the Moth (The Stonewater Kingdom, #1)",Rachel Gillig,"Gillig, Rachel",,0316582700,9780316582704,0,4.32,Orbit,Hardcover,389,2025,2025,,2025/05/22,to-read,to-read (#180),to-read,,,,0,0
217885191,"The Situationship (Part of Your World, #3.5)",Abby Jimenez,"Jimenez, Abby",,1538773724,9781538773727,0,3.87,Forever,Kindle Edition,37,2024,2024,,2025/05/21,to-read,to-read (#179),to-read,,,,0,0
223199392,The Fall Risk,Abby Jimenez,"Jimenez, Abby",,1662529082,9781662529085,0,4.08,Amazon Original Stories,Kindle Edition,81,2025,2025,,2025/05/21,to-read,to-read (#178),to-read,,,,0,0
231801371,"The Night We Met (Say You'll Remember Me, #2)",Abby Jimenez,"Jimenez, Abby",,,,0,4.32,,Paperback,400,2026,2026,,2025/05/21,to-read,to-read (#177),to-read,,,,0,0
217218373,Say You'll Remember Me,Abby Jimenez,"Jimenez, Abby",,1538759209,9781538759202,4,4.03,Forever,Kindle Edition,361,2025,2025,2025/05/20,2025/05/19,,,read,,,,1,0
57001545,Still Life,Sarah Winman,"Winman, Sarah",,0593330757,9780593330753,0,4.16,G.P. Putnam's Sons,Hardcover,464,2021,2021,,2025/05/18,to-read,to-read (#176),to-read,,,,0,0
218674082,The Amalfi Curse,Sarah Penner,"Penner, Sarah",,0778308006,9780778308003,4,3.86,Park Row,Hardcover,336,2025,2025,2025/05/18,2025/04/29,,,read,,,,1,0
75565941,"A Kiss of Iron (Shadows of the Tenebris Court, #1)",Clare Sager,"Sager, Clare",,,,0,3.96,Wicked Lady Press,Kindle Edition,608,2023,2023,,2025/05/16,to-read,to-read (#175),to-read,,,,0,0
150260809,"Iron Flame (The Empyrean, #2)",Rebecca Yarros,"Yarros, Rebecca",,,,5,4.36,Entangled: Red Tower Books,Kindle Edition,886,2023,2023,2025/05/14,2025/01/21,,,read,,,,1,0
58650445,"Heavenly Bodies (Heavenly Bodies, #1)",Imani Erriu,"Erriu, Imani",,,,0,3.99,,Paperback,619,2022,2022,,2025/05/14,to-read,to-read (#174),to-read,,,,0,0
217477109,"Empire of Flame and Thorns (Flame and Thorns, #1)",Marion Blackwood,"Blackwood, Marion",,9198904264,9789198904260,0,4.01,Black Dagger Publishing,Kindle Edition,366,2024,2024,,2025/05/14,to-read,to-read (#173),to-read,,,,0,0
218153839,It's a Love Story,Annabel Monaghan,"Monaghan, Annabel",,0593714105,9780593714102,0,3.91,G.P. Putnam's Sons,Paperback,368,2025,2025,,2025/05/09,to-read,to-read (#172),to-read,,,,0,0
217245572,"Silver Elite (Silver Elite, #1)",Dani Francis,"Francis, Dani",,059387546X,9780593875469,0,4.09,Del Rey,Hardcover,516,2025,,,2025/05/09,to-read,to-read (#171),to-read,,,,0,0
214331246,"Sunrise on the Reaping (The Hunger Games, #0.5)",Suzanne Collins,"Collins, Suzanne",,1546171460,9781546171461,5,4.52,Scholastic Press,Hardcover,387,2025,2025,2025/05/06,2025/04/28,,,read,,,,1,0
59126924,"Promised in Fire (Of Dragons and Fae, #1)",Jasmine Walt,"Walt, Jasmine",,1948108410,9781948108416,0,3.77,Dynamo Press,Paperback,414,2022,2022,,2025/05/05,to-read,to-read (#170),to-read,,,,0,0
51901147,"The Ballad of Songbirds and Snakes (The Hunger Games, #0)",Suzanne Collins,"Collins, Suzanne",,,,0,3.99,Scholastic Press,Kindle Edition,541,2020,2020,2025/05/02,2025/04/28,,,read,,,,1,0
10964,"Outlander (Outlander, #1)",Diana Gabaldon,"Gabaldon, Diana",,0440242940,9780440242949,0,4.26,Dell,Mass Market Paperback,850,2005,1991,,2025/05/02,to-read,to-read (#169),to-read,,,,0,0
214152244,The Three Lives of Cate Kay,Kate Fagan,"Fagan, Kate",,,,0,3.75,Atria Books,Hardcover,294,2025,2025,,2025/04/29,to-read,to-read (#168),to-read,,,,0,0
7260188,"Mockingjay (The Hunger Games, #3)",Suzanne Collins,"Collins, Suzanne",,0439023513,9780439023511,0,4.11,Scholastic Press,Hardcover,390,2010,2010,2025/04/28,2025/04/23,,,read,,,,1,0
63219094,"Fourth Wing (The Empyrean, #1)",Rebecca Yarros,"Yarros, Rebecca",,,,5,4.57,Entangled: Red Tower Books,Kindle Edition,665,2023,2023,2025/04/27,2025/01/02,,,read,,,,1,0
6148028,"Catching Fire (The Hunger Games, #2)",Suzanne Collins,"Collins, Suzanne",,0439023491,9780439023498,0,4.35,Scholastic Press,Hardcover,391,2009,2009,2025/04/26,2025/04/23,,,read,,,,1,0
75384035,"The Ever King (The Ever Seas, #1)",L.J. Andrews,"Andrews, L.J.",,,,0,4.12,Victorious,Kindle Edition,408,2023,2023,,2025/04/17,to-read,to-read (#167),to-read,,,,0,0
222139748,"Brimstone (Fae & Alchemy, #2)",Callie Hart,"Hart, Callie",,1538774224,9781538774229,0,4.33,Forever,Hardcover,672,2025,2025,,2025/04/16,to-read,to-read (#166),to-read,,,,0,0
217536270,"Quicksilver (Fae & Alchemy, #1)",Callie Hart,"Hart, Callie",,1538774194,9781538774199,0,4.34,Forever,Paperback,624,2024,2024,,2025/04/16,to-read,to-read (#165),to-read,,,,0,0
50067326,"War of Mist (The Oremere Chronicles, #3)",Helen Scheuerer,"Scheuerer, Helen",,,,0,4.34,Talem Press,Kindle Edition,519,2019,2019,,2025/04/16,to-read,to-read (#164),to-read,,,,0,0
39216289,"Reign of Mist (The Oremere Chronicles, #2)",Helen Scheuerer,"Scheuerer, Helen",,,,0,4.34,Talem Press,Kindle Edition,553,2018,2018,,2025/04/16,to-read,to-read (#163),to-read,,,,0,0
34865933,"Heart of Mist (The Oremere Chronicles, #1)",Helen Scheuerer,"Scheuerer, Helen",,0994165552,9780994165558,0,4.02,Talem Press,ebook,487,2017,2017,,2025/04/16,to-read,to-read (#162),to-read,,,,0,0
214539406,"Iron & Embers (The Ashes of Thezmarr, #1)",Helen Scheuerer,"Scheuerer, Helen",,1922903213,9781922903211,5,4.19,Alchemy,Kindle Edition,536,2025,2025,2025/04/16,2025/03/03,,,read,,,,1,0
59729041,"One Dark Window (The Shepherd King, #1)",Rachel Gillig,"Gillig, Rachel",,,,5,4.27,Orbit,Kindle Edition,419,2022,2022,2025/04/05,2025/01/14,,,read,,,,1,0
123009515,"Two Twisted Crowns (The Shepherd King, #2)",Rachel Gillig,"Gillig, Rachel",,0316312886,9780316312882,5,4.40,Orbit,Kindle Edition,458,2023,2023,2025/04/15,2025/01/14,,,read,,,,1,0
214152211,The Bright Years,Sarah Damoff,"Damoff, Sarah",,1668061449,9781668061442,0,4.24,Simon & Schuster,Hardcover,288,2025,2025,,2025/04/14,to-read,to-read (#161),to-read,,,,0,0
209269569,"Tempest of Wrath and Vengeance (Legacy, #3)",Melissa K. Roehrich,"Roehrich, Melissa K.",,,,0,4.25,,Kindle Edition,672,2024,,2025/04/03,2025/03/15,,,read,,,,1,0
198107923,"Storm of Secrets and Sorrow (Legacy, #2)",Melissa K. Roehrich,"Roehrich, Melissa K.",,,,0,4.14,,Kindle Edition,660,2024,2024,2025/03/24,2025/03/15,,,read,,,,1,0
203819256,When the World Tips Over,Jandy Nelson,"Nelson, Jandy",,0698195043,9780698195042,5,4.20,Dial Books,Kindle Edition,528,2024,2024,2025/03/11,2024/06/19,,,read,,,,1,0
208932385,Intermezzo,Sally Rooney,"Rooney, Sally",,0374602646,9780374602642,4,3.83,"Farrar, Straus and Giroux",Kindle Edition,464,2024,2024,2025/03/23,2024/10/02,,,read,,,,1,0
224004566,Anne of Avenue A,Audrey Bellezza,"Bellezza, Audrey",Emily  Harding,1668097656,9781668097656,0,4.15,Gallery Books,Paperback,336,2025,2025,,2025/03/23,to-read,to-read (#160),to-read,,,,0,0
214151202,Broken Country,Clare Leslie Hall,"Hall, Clare Leslie",,166807818X,9781668078181,0,4.34,Simon & Schuster,Hardcover,319,2025,2025,,2025/03/17,to-read,to-read (#159),to-read,,,,0,0
123349658,"Rain of Shadows and Endings (Legacy, #1)",Melissa K. Roehrich,"Roehrich, Melissa K.",,,,0,3.98,,Kindle Edition,670,2023,2023,2025/03/17,2025/01/14,,,read,,,,1,0
221156110,"Dawn of Chaos and Fury (Legacy, #4)",Melissa K. Roehrich,"Roehrich, Melissa K.",,,,0,4.58,,Kindle Edition,,2025,2025,,2025/03/15,to-read,to-read (#158),to-read,,,,0,0
123636295,Slaying the Shadow Prince,Helen Scheuerer,"Scheuerer, Helen",,1922903094,9781922903099,0,3.95,Alchemy Books,Hardcover,416,2023,2023,2025/03/10,2025/03/06,,,read,,,,1,0
220617923,"Thorns & Fire (The Ashes of Thezmarr, #2)",Helen Scheuerer,"Scheuerer, Helen",,103506734X,9781035067343,0,4.35,Tor Bramble,Kindle Edition,448,2025,2025,,2025/03/06,to-read,to-read (#157),to-read,,,,0,0
208301504,"Shadow & Storms (The Legends of Thezmarr, #4)",Helen Scheuerer,"Scheuerer, Helen",,1922903183,9781922903181,0,4.21,Alchemy,Kindle Edition,420,2024,2024,2025/03/05,2025/02/19,,,read,,,,1,0
199057100,"Fate & Furies (The Legends of Thezmarr, #3)",Helen Scheuerer,"Scheuerer, Helen",,1922903175,9781922903174,0,4.29,Alchemy,Kindle Edition,466,2024,2024,2025/02/28,2025/02/19,,,read,,,,1,0
123007281,"Vows & Ruins (The Legends of Thezmarr, #2)",Helen Scheuerer,"Scheuerer, Helen",,1922903051,9781922903051,0,4.05,Alchemy,Kindle Edition,536,2023,2023,2025/02/25,2025/02/19,,,read,,,,1,0
214175092,The Quiet Librarian,Allen Eskens,"Eskens, Allen",,0316566314,9780316566315,0,4.18,Mulholland Books,Hardcover,320,2025,2025,,2025/02/24,to-read,to-read (#156),to-read,,,,0,0
208674368,"Avalon Tower (Fey Academy for Spies, #1)",C.N. Crawford,"Crawford, C.N.",Alex Rivers,,,0,3.96,,Unknown Binding,,2024,2024,,2025/02/19,to-read,to-read (#155),to-read,,,,0,0
198902277,The Wedding People,Alison Espach,"Espach, Alison",,,,0,4.10,Henry Holt and Co.,Hardcover,384,2024,2024,,2025/02/19,to-read,to-read (#154),to-read,,,,0,0
63905241,"Blood & Steel (The Legends of Thezmarr, #1)",Helen Scheuerer,"Scheuerer, Helen",,1922903027,9781922903020,0,4.19,Alchemy,Kindle Edition,550,2023,2023,2025/02/19,2025/02/14,,,read,,,,1,0
199898023,Elizabeth of East Hampton (For the Love of Austen #2),Audrey Bellezza,"Bellezza, Audrey",Emily  Harding,,,0,3.88,Gallery Books,Kindle Edition,382,2024,,2025/02/12,2025/02/03,,,read,,,,1,0
63247365,How to End a Love Story,Yulin Kuang,"Kuang, Yulin",,,,0,3.62,Avon,Paperback,384,2024,2024,,2025/02/04,to-read,to-read (#153),to-read,,,,0,0
207298222,The Champagne Letters,Kate  Macintosh,"Macintosh, Kate",,1668061880,9781668061886,0,3.89,Gallery Books,Hardcover,352,2024,2024,,2025/02/04,to-read,to-read (#152),to-read,,,,0,0
56449476,West With Giraffes,Lynda Rutledge,"Rutledge, Lynda",,1542023351,9781542023351,0,4.33,Lake Union Publishing,Kindle Edition,346,2021,2021,,2025/02/04,to-read,to-read (#151),to-read,,,,0,0
64457334,Emma of 83rd Street,Audrey Bellezza,"Bellezza, Audrey",Emily  Harding,,,3,3.76,Gallery Books,Kindle Edition,383,2023,2023,2025/02/03,2025/01/30,,,read,,,,1,0
182777488,The Sicilian Inheritance,Jo Piazza,"Piazza, Jo",,0593474171,9780593474174,4,3.99,Dutton,Kindle Edition,384,2024,2024,2025/02/01,2024/06/23,,,read,,,,1,0
123247704,"House of Flame and Shadow (Crescent City, #3)",Sarah J. Maas,"Maas, Sarah J.",,,,5,4.22,Bloomsbury,Kindle Edition,852,2024,2024,2025/01/27,2025/01/14,,,read,,,,1,0
222472539,A Temple of No Gods,Manav Kaul,"Kaul, Manav",,9367902263,9789367902264,0,4.26,Ebury Press,Kindle Edition,244,2024,,,2025/01/21,currently-reading,currently-reading (#1),currently-reading,,,,1,0
65137920,The Lost Bookshop,Evie  Woods,"Woods, Evie",Evie Gaughan,0008609209,9780008609207,0,4.01,One More Chapter/HarperCollins UK,Kindle Edition,432,2023,2023,,2025/01/21,to-read,to-read (#150),to-read,,,,0,0
35959740,Circe,Madeline Miller,"Miller, Madeline",,0316556343,9780316556347,0,4.22,"Little, Brown and Company",Hardcover,393,2018,2018,,2025/01/21,to-read,to-read (#149),to-read,,,,0,0
23499372,Inga,Poile Sengupta,"Sengupta, Poile",,9384030643,9789384030643,0,3.92,Tranquebar (Westland),Paperback,316,2014,2014,,2025/01/21,to-read,to-read (#148),to-read,,,,0,0
202468410,The Volcano Daughters,Gina María Balibrera,"Balibrera, Gina María",,0593317238,9780593317235,0,3.53,Pantheon,Hardcover,368,2024,2024,,2025/01/21,to-read,to-read (#147),to-read,,,,0,0
58703758,Tomb of Sand,Geetanjali Shree,"Shree, Geetanjali",Daisy Rockwell,,,0,3.67,Tilted Axis Press,Paperback,739,2021,2018,,2025/01/21,to-read,to-read (#146),to-read,,,,0,0
4950,The Hungry Tide,Amitav Ghosh,"Ghosh, Amitav",,061871166X,9780618711666,0,3.99,Harper Perennial,Paperback,333,2006,2004,,2025/01/21,to-read,to-read (#145),to-read,,,,0,0
183223682,"The Spare (Biotech Billionaires, #1)",Ava Rani,"Rani, Ava",,,9798987792209,0,3.60,Self Published,Paperback,,2023,2023,,2025/01/21,to-read,to-read (#144),to-read,,,,0,0
57941596,"House of Sky and Breath (Crescent City, #2)",Sarah J. Maas,"Maas, Sarah J.",,1635574080,9781635574081,5,4.43,Bloomsbury Publishing ,Kindle Edition,807,2022,2022,2025/01/17,2024/12/18,,,read,,,,1,0
59820919,"City of Gods and Monsters (House of Devils, #1)",Kayla   Edwards,"Edwards, Kayla",,1777880734,9781777880736,0,3.79,,ebook,760,2022,2022,,2025/01/14,to-read,to-read (#143),to-read,,,,0,0
207298319,Pick-Up,Nora Dahlia,"Dahlia, Nora",,1668061163,9781668061169,0,3.61,Gallery Books,Paperback,368,2024,2024,,2024/12/30,to-read,to-read (#142),to-read,,,,0,0
53914938,The Rose Code,Kate Quinn,"Quinn, Kate",,0062943472,9780062943477,0,4.44,William Morrow,Paperback,624,2021,2021,,2024/12/27,to-read,to-read (#141),to-read,,,,0,0
58416952,"The Will of the Many (Hierarchy, #1)",James  Islington,"Islington, James",,1982141190,9781982141196,0,4.60,Gallery / Saga Press,Kindle Edition,639,2023,2023,,2024/12/21,to-read,to-read (#140),to-read,,,,0,0
44797223,"House of Earth and Blood (Crescent City, #1)",Sarah J. Maas,"Maas, Sarah J.",,,,5,4.45,Bloomsbury Publishing,Kindle Edition,874,2020,2020,2024/12/18,2024/11/18,,,read,,,,1,0
112975658,The Frozen River,Ariel Lawhon,"Lawhon, Ariel",,0385546874,9780385546874,0,4.39,Doubleday,Hardcover,448,2023,2023,,2024/12/10,to-read,to-read (#139),to-read,,,,0,0
218500922,"A Court of Silver Flames (A Court of Thorns and Roses, #4)",Sarah J. Maas,"Maas, Sarah J.",,,,5,4.45,Bloomsbury Publishing,Kindle Edition,768,2024,2021,2024/11/18,2024/10/22,,,read,,,,1,0
199797582,The Paradise Problem,Christina Lauren,"Lauren, Christina",,1668017725,9781668017722,0,4.07,Gallery Books,Hardcover,352,2024,2024,,2024/11/16,to-read,to-read (#138),to-read,,,,0,0
205888187,"Worthy of Fate (Realms in Peril, #1)",A.N. Caudle,"Caudle, A.N.",,,9798989444502,0,3.86,Independently Published,Kindle Edition,586,2024,2024,,2024/11/14,to-read,to-read (#137),to-read,,,,0,0
36156268,"A Court of Frost and Starlight (A Court of Thorns and Roses, #3.5)",Sarah J. Maas,"Maas, Sarah J.",,,,4,3.72,Bloomsbury Publishing,Kindle Edition,272,2018,2019,2024/11/09,2024/10/22,,,read,,,,1,0
57060202,"A Court of Wings and Ruin (A Court of Thorns and Roses, #3)",Sarah J. Maas,"Maas, Sarah J.",,,,5,4.46,Bloomsbury USA Childrens,Kindle Edition,719,2021,2017,2024/11/03,2024/10/22,,,read,,,,1,0
61273371,Looking for Jane,Heather     Marshall,"Marshall, Heather",,1668013681,9781668013687,0,4.36,Atria Books,Hardcover,400,2023,2022,,2024/10/29,to-read,to-read (#136),to-read,,,,0,0
57019034,"A Court of Mist and Fury (A Court of Thorns and Roses, #2)",Sarah J. Maas,"Maas, Sarah J.",,,,5,4.64,Bloomsbury USA Childrens,Kindle Edition,641,2021,2016,2024/10/29,2024/10/22,,,read,,,,1,0
54870201,Just Last Night,Mhairi McFarlane,"McFarlane, Mhairi",,0063036851,9780063036857,0,4.00,William Morrow Paperbacks,Paperback,393,2021,2021,,2024/10/29,to-read,to-read (#135),to-read,,,,0,0
54386622,"A Court of Thorns and Roses (A Court of Thorns and Roses, #1)",Sarah J. Maas,"Maas, Sarah J.",,,,5,4.16,Bloomsbury Publishing,Kindle Edition,433,2020,2015,2024/10/24,2024/05/03,,,read,,,,1,0
127280062,"Ruthless Vows (Letters of Enchantment, #2)",Rebecca   Ross,"Ross, Rebecca",,1250857457,9781250857453,0,3.99,Wednesday Books,Hardcover,420,2023,2023,,2024/10/20,to-read,to-read (#134),to-read,,,,0,0
60784546,"Divine Rivals (Letters of Enchantment, #1)",Rebecca   Ross,"Ross, Rebecca",,1250857430,9781250857439,0,4.16,Wednesday Books,Hardcover,368,2023,2023,,2024/10/20,to-read,to-read (#133),to-read,,,,0,0
75593884,The Museum of Failures,Thrity Umrigar,"Umrigar, Thrity",,164375355X,9781643753553,0,4.11,Algonquin Books,Hardcover,358,2023,2023,,2024/10/20,to-read,to-read (#132),to-read,,,,0,0
62226126,"The Last Devil to Die (Thursday Murder Club, #4)",Richard Osman,"Osman, Richard",,0241512441,9780241512449,0,4.47,Viking,Hardcover,421,2023,2023,,2024/10/19,to-read,to-read (#131),to-read,,,,0,0
58957615,"The Bullet That Missed (Thursday Murder Club, #3)",Richard Osman,"Osman, Richard",,0241512425,9780241512425,0,4.36,Viking,Hardcover,413,2022,2022,,2024/10/19,to-read,to-read (#130),to-read,,,,0,0
55457493,"The Man Who Died Twice (Thursday Murder Club, #2)",Richard Osman,"Osman, Richard",,,,0,4.36,Penguin,Kindle Edition,422,2021,2021,,2024/10/19,to-read,to-read (#129),to-read,,,,0,0
46000520,"The Thursday Murder Club (Thursday Murder Club, #1)",Richard Osman,"Osman, Richard",,,,0,3.87,Penguin Books,Kindle Edition,382,2020,2020,,2024/10/19,to-read,to-read (#128),to-read,,,,0,0
199798217,The Lion Women of Tehran,Marjan Kamali,"Kamali, Marjan",,1668036584,9781668036587,0,4.48,Gallery Books,Hardcover,327,2024,2024,,2024/10/14,to-read,to-read (#127),to-read,,,,0,0
199455331,A Novel Love Story,Ashley Poston,"Poston, Ashley",,,,0,3.62,Berkley,Kindle Edition,378,2024,2024,2024/10/14,2024/06/27,,,read,,,,1,0
206318420,In a New York Minute,Kate   Spencer,"Spencer, Kate",,1538737612,,0,3.64,Forever,Kindle Edition,337,2022,2022,2024/09/29,2024/03/10,,,read,,,,1,0
5553,Six Easy Pieces: Essentials of Physics Explained by Its Most Brilliant Teacher,Richard P. Feynman,"Feynman, Richard P.",Paul C.W. Davies,0465023924,9780465023929,0,4.21,Basic Books,Paperback,138,1995,1994,,2024/09/28,to-read,to-read (#126),to-read,,,,0,0
43723901,Lifespan: Why We Age―and Why We Don't Have To,David A. Sinclair,"Sinclair, David A.",,1501191977,9781501191978,0,4.13,Atria Books,Hardcover,432,2019,2019,,2024/09/28,to-read,to-read (#125),to-read,,,,0,0
38728977,"The Molecule of More: How a Single Chemical in Your Brain Drives Love, Sex, and Creativity—and Will Determine the Fate of the Human Race",Daniel Z. Lieberman,"Lieberman, Daniel Z.",Michael E. Long,1946885118,9781946885111,0,4.13,BenBella Books,Hardcover,240,2018,2018,,2024/09/28,to-read,to-read (#124),to-read,,,,0,0
39339274,"Forever, Interrupted",Taylor Jenkins Reid,"Reid, Taylor Jenkins",,,,3,3.64,Washington Square Press,Kindle Edition,353,2015,2013,2024/09/06,2024/06/07,,,read,,,,1,0
197578057,This Summer Will Be Different,Carley Fortune,"Fortune, Carley",,0593638905,9780593638903,0,3.95,Berkley,Kindle Edition,361,2024,2024,2024/08/26,2024/06/23,,,read,,,,1,0
18143977,All the Light We Cannot See,Anthony Doerr,"Doerr, Anthony",,1476746583,9781476746586,4,4.31,Scribner,Hardcover,531,2014,2014,2024/08/23,2023/11/21,,,read,,,,1,0
199743738,The Midnight Feast,Lucy Foley,"Foley, Lucy",,0063003104,9780063003101,0,3.58,William Morrow,Hardcover,354,2024,2024,2024/08/16,2024/08/11,,,read,,,,1,0
195888459,The Summer Pact,Emily Giffin,"Giffin, Emily",,0593600290,9780593600290,0,3.34,Ballantine Books,Hardcover,352,2024,2024,,2024/08/16,to-read,to-read (#123),to-read,,,,0,0
60656832,In the Orchard,Eliza Minot,"Minot, Eliza",,0307593479,9780307593474,0,3.38,Knopf,Hardcover,256,2023,,,2024/08/15,to-read,to-read (#122),to-read,,,,0,0
203518973,A Great Marriage,Frances Mayes,"Mayes, Frances",,0593498984,9780593498989,0,3.67,Ballantine Books,Hardcover,320,2024,2024,,2024/08/15,to-read,to-read (#121),to-read,,,,0,0
199426316,Four Squares,Bobby Finger,"Finger, Bobby",,0593713559,9780593713556,0,3.95,G.P. Putnam's Sons,Hardcover,336,2024,,,2024/08/15,to-read,to-read (#120),to-read,,,,0,0
36399096,The Dinner List,Rebecca Serle,"Serle, Rebecca",,,,0,3.54,Flatiron Books,ebook,288,2018,2018,,2024/08/15,to-read,to-read (#119),to-read,,,,0,0
40130093,Once Upon a River,Diane Setterfield,"Setterfield, Diane",,0743298071,9780743298070,0,3.94,Atria/Emily Bestler Books,Hardcover,464,2018,2018,,2024/08/15,to-read,to-read (#118),to-read,,,,0,0
62628727,Romantic Comedy,Curtis Sittenfeld,"Sittenfeld, Curtis",,0399590943,9780399590948,0,3.62,Random House,Hardcover,309,2023,2023,,2024/08/15,to-read,to-read (#117),to-read,,,,0,0
199373441,A Thousand Times Before,Asha Thanki,"Thanki, Asha",,0593654641,9780593654644,0,3.64,Viking,Hardcover,368,2024,2024,,2024/08/15,to-read,to-read (#116),to-read,,,,0,0
28815371,The Mothers,Brit Bennett,"Bennett, Brit",,0399184511,9780399184512,0,3.88,Riverhead Books,Hardcover,288,2016,2016,,2024/08/15,to-read,to-read (#115),to-read,,,,0,0
23604559,My Grandmother Asked Me to Tell You She's Sorry,Fredrik Backman,"Backman, Fredrik",Henning Koch,1501115065,9781501115066,0,4.07,Atria Books,Hardcover,372,2015,2013,,2024/08/15,to-read,to-read (#114),to-read,,,,0,0
27406704,Britt-Marie Was Here,Fredrik Backman,"Backman, Fredrik",,1501142534,9781501142536,0,4.09,Atria Books,Hardcover,324,2016,2014,,2024/08/15,to-read,to-read (#113),to-read,,,,0,0
59366182,Everyone in This Room Will Someday Be Dead,Emily R. Austin,"Austin, Emily R.",,198216736X,9781982167363,0,3.85,Washington Square Press,Paperback,256,2022,2021,,2024/08/15,to-read,to-read (#112),to-read,,,,0,0
36344555,All We Ever Wanted,Emily Giffin,"Giffin, Emily",,0399178937,9780399178931,4,3.87,Ballantine,Kindle Edition,353,2018,2018,2024/07/27,2024/07/25,,,read,,,,1,0
61938393,Hello Stranger,Katherine Center,"Center, Katherine",,1250283795,9781250283795,3,3.92,St. Martin's Press,Kindle Edition,336,2023,2023,2024/07/19,2024/06/17,,,read,,,,1,0
62060532,Yellowface,R.F. Kuang,"Kuang, R.F.",,,,3,3.73,William Morrow,Kindle Edition,329,2023,2023,2024/07/09,2024/01/03,,,read,,,,1,0
60864829,The Wishing Game,Meg Shaffer,"Shaffer, Meg",,,,4,4.03,Ballantine Books,Kindle Edition,294,2023,2023,2024/07/01,2023/11/30,,,read,,,,1,0
57738656,Pineapple Street,Jenny   Jackson,"Jackson, Jenny",,,,3,3.55,Pamela Dorman Books,Kindle Edition,304,2023,2023,2024/01/07,2023/11/30,,,read,,,,1,0
60092579,"When in Rome (When in Rome, #1)",Sarah       Adams,"Adams, Sarah",,0593500784,9780593500781,2,3.88,Dell,Paperback,320,2022,2022,2024/02/02,2023/03/30,,,read,,,,1,0
177059739,Interesting Facts about Space,Emily R. Austin,"Austin, Emily R.",,,,4,3.86,Atria Books,Kindle Edition,320,2024,2024,2024/03/05,2024/01/07,,,read,,,,1,0
61771675,Hello Beautiful,Ann Napolitano,"Napolitano, Ann",,,,3,4.13,The Dial Press,Kindle Edition,416,2023,2023,2024/03/23,2024/01/03,,,read,,,,1,0
62971668,Someone Else's Shoes,Jojo Moyes,"Moyes, Jojo",,1984879294,9781984879295,3,3.96,Pamela Dorman Books,Hardcover,438,2023,2023,2024/04/11,2023/11/30,,,read,,,,1,0
180357146,The Covenant of Water,Abraham   Verghese,"Verghese, Abraham",,0802162177,9780802162175,4,4.42,Grove Press,Paperback,715,2025,2023,2024/05/25,2023/09/01,,,read,,,,1,0
199344873,Same As It Ever Was,Claire Lombardo,"Lombardo, Claire",,0385549555,9780385549554,0,3.84,Doubleday,Hardcover,498,2024,2024,,2024/06/27,to-read,to-read (#111),to-read,,,,0,0
55735405,Diary of a Void,Emi Yagi,"Yagi, Emi",,0525508368,9780525508366,0,3.49,Penguin,Kindle Edition,224,2022,2020,2024/06/27,2023/02/26,,,read,,,,1,0
63347619,The Seven Year Slip,Ashley Poston,"Poston, Ashley",,0593336526,9780593336526,4,4.17,Berkley,Kindle Edition,368,2023,2023,2024/06/23,2023/10/18,,,read,,,,1,0
176443178,Expiration Dates,Rebecca Serle,"Serle, Rebecca",,1982166827,9781982166823,0,3.60,Atria Books,Hardcover,272,2024,2024,2024/06/20,2024/06/18,,,read,,,,1,0
53257881,"The Match (It Happened in Charleston, #1)",Sarah       Adams,"Adams, Sarah",,,,0,3.94,,Kindle Edition,284,2020,2020,,2024/06/20,to-read,to-read (#110),to-read,,,,0,0
195790586,The Rom-Commers,Katherine Center,"Center, Katherine",,1250283809,9781250283801,0,4.06,St. Martin's Press,Hardcover,336,2024,2024,,2024/06/19,to-read,to-read (#109),to-read,,,,0,0
60784605,Maame,Jessica George,"George, Jessica",,,,0,4.05,St. Martin's Press,Hardcover,320,2023,2023,,2024/06/17,to-read,to-read (#108),to-read,,,,0,0
200034157,"With Any Luck (The Improbable Meet-Cute, #5)",Ashley Poston,"Poston, Ashley",,166251980X,9781662519802,0,3.22,Amazon Original Stories,Kindle Edition,43,2024,2024,,2024/06/17,to-read,to-read (#107),to-read,,,,0,0
200033957,"Drop, Cover, and Hold On (The Improbable Meet-Cute, #4)",Jasmine Guillory,"Guillory, Jasmine",,1662519834,9781662519833,0,2.92,Amazon Original Stories,Kindle Edition,40,2024,2024,,2024/06/17,to-read,to-read (#106),to-read,,,,0,0
200034154,"Rosie and the Dreamboat (The Improbable Meet-Cute, #3)",Sally  Thorne,"Thorne, Sally",,1662520085,9781662520082,0,3.42,Amazon Original Stories,Kindle Edition,44,2024,2024,,2024/06/17,to-read,to-read (#105),to-read,,,,0,0
200033357,The Exception to the Rule,Christina Lauren,"Lauren, Christina",,1662519893,9781662519895,0,4.20,Amazon Original Stories,Kindle Edition,101,2024,2024,,2024/06/17,to-read,to-read (#104),to-read,,,,0,0
200034606,Worst Wingman Ever,Abby Jimenez,"Jimenez, Abby",,166251963X,9781662519635,0,3.99,Amazon Original Stories,Kindle Edition,61,2024,2024,,2024/06/17,to-read,to-read (#103),to-read,,,,0,0
126918788,The Women,Kristin Hannah,"Hannah, Kristin",,,,5,4.60,St. Martin's Press,Kindle Edition,472,2024,2024,2024/06/14,2024/02/23,,,read,,,,1,0
63094957,The Rachel Incident,Caroline O'Donoghue,"O'Donoghue, Caroline",,0593535707,9780593535707,4,4.07,Knopf,Hardcover,304,2023,2023,2024/06/02,2024/01/08,,,read,,,,1,0
96177629,Good Material,Dolly Alderton,"Alderton, Dolly",,0241523672,9780241523674,4,3.83,Fig Tree,Paperback,345,2023,2023,2024/05/20,2024/05/06,,,read,,,,1,0
60784619,Begin Again,Emma Lord,"Lord, Emma",,1250783364,9781250783363,0,3.69,Wednesday Books,Hardcover,352,2023,2023,,2024/05/08,to-read,to-read (#102),to-read,,,,0,0
62039166,The Bee Sting,Paul Murray,"Murray, Paul",,0374600309,9780374600303,0,3.89,"Farrar, Straus and Giroux",Hardcover,645,2023,2023,,2024/05/06,to-read,to-read (#101),to-read,,,,0,0
157020052,The Favor,Adele Griffin,"Griffin, Adele",,1728282128,9781728282121,0,3.69,Sourcebooks Landmark,Paperback,368,2024,2023,,2024/04/15,to-read,to-read (#100),to-read,,,,0,0
139348875,The Mayer of Casterbridge,Thomas Hardy,"Hardy, Thomas",,,,0,3.86,The Heritage Press,Hardcover,0,,1886,,2024/04/05,to-read,to-read (#99),to-read,,,,0,0
41880044,The Most Fun We Ever Had,Claire Lombardo,"Lombardo, Claire",,0385544251,9780385544252,0,3.91,Doubleday,Hardcover,532,2019,2019,,2024/03/20,to-read,to-read (#98),to-read,,,,0,0
152659352,Madeleine and Jane: Lost and Found in the Sixties,Emily Fox Gordon,"Gordon, Emily Fox",,,,0,3.14,One Turtle Press,Kindle Edition,323,2023,,,2024/03/20,to-read,to-read (#97),to-read,,,,0,0
184598233,Wedding Issues,Elle   Evans,"Evans, Elle",,1958506745,9781958506745,0,3.57,Zibby Publishing,Paperback,352,2024,2024,,2024/03/20,to-read,to-read (#96),to-read,,,,0,0
61272702,Hang the Moon,Jeannette Walls,"Walls, Jeannette",,1501117297,9781501117299,0,3.81,Scribner,Hardcover,368,2023,2023,,2024/03/11,to-read,to-read (#95),to-read,,,,0,0
50891959,Recommended for You,Laura  Silverman,"Silverman, Laura",,1534474196,9781534474192,0,3.47,Margaret K. McElderry Books,Hardcover,272,2020,2020,,2024/03/10,to-read,to-read (#94),to-read,,,,0,0
34109621,Don't You Forget About Me,Mhairi McFarlane,"McFarlane, Mhairi",,0008169322,9780008169305,0,3.83,HarperCollins,Kindle Edition,433,2019,2019,,2024/03/10,to-read,to-read (#93),to-read,,,,0,0
37976541,Bad Blood: Secrets and Lies in a Silicon Valley Startup,John Carreyrou,"Carreyrou, John",,,,0,4.41,Knopf,Hardcover,339,2018,2018,,2024/02/26,to-read,to-read (#92),to-read,,,,0,0
101673373,A Winter in New York,Josie Silver,"Silver, Josie",,0593724933,9780593724934,0,3.67,Delacorte Press,Hardcover,372,2023,2023,2024/02/24,2023/11/20,,,read,,,,1,0
126919284,The Heiress,Rachel Hawkins,"Hawkins, Rachel",,1250280036,9781250280039,0,3.84,St. Martin's Press,Hardcover,294,2024,2024,,2024/01/28,to-read,to-read (#91),to-read,,,,0,0
53331577,The Last Bookshop in London,Madeline  Martin,"Martin, Madeline",,133528480X,9781335284808,0,4.14,Hanover Square Press,Paperback,325,2021,2021,,2024/01/28,to-read,to-read (#90),to-read,,,,0,0
63111781,The Cypress Maze,Fiona Valpy,"Valpy, Fiona",,154203521X,9781542035217,0,4.38,Lake Union Publishing,Kindle Edition,298,2023,2023,,2024/01/28,to-read,to-read (#89),to-read,,,,0,0
63256933,Tom Lake,Ann Patchett,"Patchett, Ann",,0063327546,9780063327542,4,3.94,Harper,Kindle Edition,310,2023,2023,2024/01/17,2023/08/21,,,read,,,,1,0
68005500,The Centre,Ayesha Manazir Siddiqi,"Siddiqi, Ayesha Manazir",,,,0,3.38,"Zando Projects, Gillian Flynn Books",Hardcover,288,2023,2023,,2024/01/08,to-read,to-read (#88),to-read,,,,0,0
122769180,A House for Alice,Diana Evans,"Evans, Diana",,0593701089,9780593701089,0,3.36,Pantheon,Hardcover,352,2023,2023,,2024/01/08,to-read,to-read (#87),to-read,,,,0,0
63342502,Under the Tamarind Tree,Nigar  Alam,"Alam, Nigar",,0593544072,9780593544075,0,3.74,G.P. Putnam's Sons,Hardcover,320,2023,2023,,2024/01/08,to-read,to-read (#86),to-read,,,,0,0
61214136,The Collected Regrets of Clover,Mikki Brammer,"Brammer, Mikki",,1250284392,9781250284396,0,4.16,St Martin's Press,Hardcover,320,2023,2023,,2024/01/03,to-read,to-read (#85),to-read,,,,0,0
54870208,Mary Jane,Jessica Anya Blau,"Blau, Jessica Anya",,0063052296,9780063052291,4,4.13,Mariner Books,Hardcover,320,2021,2021,2023/12/23,2023/06/20,,,read,,,,1,0
60194162,Demon Copperhead,Barbara Kingsolver,"Kingsolver, Barbara",,,,0,4.47,Harper,Hardcover,560,2022,2022,2023/12/16,2023/09/27,,,read,,,,1,0
65214218,"Bright Lights, Big Christmas",Mary Kay Andrews,"Andrews, Mary Kay",,125028581X,9781250285812,0,3.79,St. Martin's Press,Hardcover,288,2023,2023,,2023/12/15,to-read,to-read (#84),to-read,,,,0,0
63838838,Who We Are Now,Lauryn Chamberlain,"Chamberlain, Lauryn",,0593182855,9780593182857,0,3.60,Dutton,Kindle Edition,352,2023,2023,2023/11/25,2023/08/14,,,read,,,,1,0
60410002,We All Want Impossible Things,Catherine Newman,"Newman, Catherine",,0063230895,9780063230897,0,3.98,Harper,Hardcover,224,2022,2022,,2023/11/08,to-read,to-read (#83),to-read,,,,0,0
57690252,The Summer of Broken Rules,K.L. Walther,"Walther, K.L.",,1728210305,9781728210308,0,3.88,Sourcebooks Fire,Kindle Edition,304,2021,2021,2023/11/05,2023/08/29,,,read,,,,1,0
61118341,All This Could Be Different,Sarah Thankam Mathews,"Mathews, Sarah Thankam",,0593489136,9780593489130,0,3.82,Viking,Kindle Edition,320,2022,2022,,2023/10/16,to-read,to-read (#82),to-read,,,,0,0
60674873,The Mitford Affair,Marie Benedict,"Benedict, Marie",,1728229375,9781728229379,0,3.71,Sourcebooks Landmark,Kindle Edition,377,2023,2023,2023/11/03,2023/08/16,,,read,,,,1,0
199347538,"Somewhere Beyond the Sea (Cerulean Chronicles, #2)",T.J. Klune,"Klune, T.J.",,125088120X,9781250881205,0,4.14,Tor Books,Hardcover,416,2024,2024,,2023/10/29,to-read,to-read (#81),to-read,,,,0,0
59947623,"The Hidden Palace (The Daughters of War, #2)",Dinah Jefferies,"Jefferies, Dinah",,000854462X,9780008544621,0,4.10,HarperCollins,Paperback,528,2022,2022,,2023/10/19,to-read,to-read (#80),to-read,,,,0,0
56816183,"Daughters of War (Daughters of War, #1)",Dinah Jefferies,"Jefferies, Dinah",,0008479410,9780008479411,0,4.09,HarperCollins,Paperback,544,2021,2021,,2023/10/19,to-read,to-read (#79),to-read,,,,0,0
62593836,Night Train to Marrakech (Daughters of War #3),Dinah Jefferies,"Jefferies, Dinah",,0008427097,9780008427092,0,3.95,HarperCollins,Kindle Edition,464,2023,2023,,2023/10/19,to-read,to-read (#78),to-read,,,,0,0
62929412,Playing the Witch Card,K.J. Dell'Antonia,"Dell'Antonia, K.J.",,059371380X,9780593713808,0,3.24,Putnam,Kindle Edition,352,2023,2023,,2023/10/18,to-read,to-read (#77),to-read,,,,0,0
58747122,"The Perfect Marriage (Perfect, #1)",Jeneva Rose,"Rose, Jeneva",,1504071573,9781504071574,3,3.98,Bloodhound Books,Kindle Edition,344,2020,2020,2023/02/09,2022/12/08,,,read,,,,1,0
57684325,Lessons in Chemistry,Bonnie Garmus,"Garmus, Bonnie",,,,5,4.28,Doubleday,ebook,386,2022,2022,2023/01/24,2022/10/25,,,read,,,,1,0
50408097,Exciting Times,Naoise Dolan,"Dolan, Naoise",,0062968777,9780062968777,3,3.21,Ecco,Kindle Edition,247,2020,2020,2023/01/31,2022/12/03,,,read,,,,1,0
58417825,The Dead Romantics,Ashley Poston,"Poston, Ashley",,0593336496,9780593336496,4,3.91,Berkley,Kindle Edition,366,2022,2022,2023/01/01,2022/07/09,,,read,,,,1,0
59444510,Nora Goes Off Script,Annabel Monaghan,"Monaghan, Annabel",,0593420047,9780593420041,4,4.06,G.P. Putnam's Sons,Kindle Edition,268,2022,2022,2023/01/10,2022/10/25,,,read,,,,1,0
55710121,Daisy Jones & The Six,Taylor Jenkins Reid,"Reid, Taylor Jenkins",,,,3,4.20,Ballantine Books,ebook,355,2019,2019,2023/05/14,2022/12/01,,,read,,,,1,0
45859492,Separation Anxiety,Laura Zigman,"Zigman, Laura",,006290907X,9780062909077,0,3.33,Ecco,Hardcover,288,2020,2020,2023/10/11,2023/06/17,,,read,,,,1,0
60018635,The Very Secret Society of Irregular Witches,Sangu Mandanna,"Mandanna, Sangu",,059343935X,9780593439357,5,4.05,Berkley,Paperback,318,2022,2022,2023/10/11,2022/12/02,,,read,,,,1,0
62562931,Same Time Next Summer,Annabel Monaghan,"Monaghan, Annabel",,059354496X,9780593544969,0,3.74,G.P. Putnam's Sons,Paperback,320,2023,2023,2023/10/09,2023/01/11,,,read,,,,1,0
61381805,Just My Type,Falon Ballard,"Ballard, Falon",,0593419944,9780593419946,0,3.65,G.P. Putnam's Sons,Kindle Edition,360,2023,2023,2023/10/06,2023/04/10,,,read,,,,1,0
59366247,Bad Vibes Only (and Other Things I Bring to the Table),Nora McInerny,"McInerny, Nora",Nora McInerny Purmort,1982186712,9781982186715,0,3.83,Atria/One Signal Publishers,Hardcover,224,2022,2022,2023/09/27,2023/05/06,,,read,,,,1,0
7244,The Poisonwood Bible,Barbara Kingsolver,"Kingsolver, Barbara",,0060786507,9780060786502,0,4.11,Harper Perennial Modern Classics,Paperback,546,2005,1998,,2023/09/21,to-read,to-read (#76),to-read,,,,0,0
62800971,Banyan Moon,Thao Thai,"Thai, Thao",,0063267101,9780063267107,0,3.90,Mariner Books,Hardcover,336,2023,2023,,2023/09/13,to-read,to-read (#75),to-read,,,,0,0
75303502,"Why Women Grow: Stories of Soil, Sisterhood and Survival",Alice Vincent,"Vincent, Alice",,1838855440,9781838855444,0,3.69,Canongate Books,Kindle Edition,301,2023,2023,,2023/09/05,to-read,to-read (#74),to-read,,,,0,0
77262337,"Tomorrow, and Tomorrow, and Tomorrow",Gabrielle Zevin,"Zevin, Gabrielle",,,,0,4.12,Knopf ,Kindle Edition,418,2023,2022,2023/09/04,2023/09/02,,,read,,,,1,0
51603444,"Before the Coffee Gets Cold (Before the Coffee Gets Cold, #1)",Toshikazu Kawaguchi,"Kawaguchi, Toshikazu",,1488077215,9781488077210,4,3.66,Hanover Square Press,Kindle Edition,227,2020,2015,2023/09/02,2022/12/01,,,read,,,,1,0
139391940,"The Pumpkin Spice Café (Dream Harbor, #1)",Laurie Gilmore,"Gilmore, Laurie",,0008610665,9780008610661,0,3.37,HarperCollins,ebook,373,2023,2023,,2023/08/29,to-read,to-read (#73),to-read,,,,0,0
58018175,The Magnificent Lives of Marjorie Post,Allison Pataki,"Pataki, Allison",,,,3,4.14,Ballantine Books,Kindle Edition,400,2022,2022,2023/07/16,2023/03/15,,,read,,,,1,0
60701439,Big Swiss,Jen Beagin,"Beagin, Jen",,1982153083,9781982153083,3,3.68,Scribner,Hardcover,336,2023,2023,2023/08/21,2023/05/18,,,read,,,,1,0
29492577,The Invitation,Lucy Foley,"Foley, Lucy",,,,2,3.59,"Little, Brown and Company",Kindle Edition,432,2016,2016,2023/08/12,2023/04/26,,,read,,,,1,0
62229748,The Seven Deaths of Evelyn Hardcastle,Stuart Turton,"Turton, Stuart",,1408889560,9781408889565,0,3.78,Raven Books,Hardcover,525,2022,2018,,2022/12/18,to-read,to-read (#66),to-read,,,,0,0
36639505,My Oxford Year,Julia  Whelan,"Whelan, Julia",,,,0,3.87,Avon,Kindle Edition,336,2018,2018,2023/07/01,2023/05/24,,,read,,,,1,0
50208350,"The Happy Ever After Playlist (The Friend Zone, #2)",Abby Jimenez,"Jimenez, Abby",,,9781538715635,0,4.17,Forever,ebook,401,2020,2020,2023/06/17,2023/06/20,,,read,,,,1,0
61884844,Bad Summer People,Emma Rosenblum,"Rosenblum, Emma",,1250887003,9781250887009,0,3.40,Flatiron Books,Hardcover,272,2023,2023,,2023/06/20,to-read,to-read (#72),to-read,,,,0,0
54848572,"Life's Too Short (The Friend Zone, #3)",Abby Jimenez,"Jimenez, Abby",,,,0,4.15,Forever,Kindle Edition,299,2021,2021,2023/06/20,2022/05/24,,,read,,,,1,0
42774138,"The Friend Zone (The Friend Zone, #1)",Abby Jimenez,"Jimenez, Abby",,1538715627,,0,3.90,Forever,Kindle Edition,386,2019,2019,2023/06/15,2023/06/11,,,read,,,,1,0
63107458,The Favor,Adele Griffin,"Griffin, Adele",,1728264057,9781728264059,0,3.69,Sourcebooks Landmark,Hardcover,352,2023,2023,,2023/06/10,to-read,to-read (#71),to-read,,,,0,0
58803341,The Bodyguard,Katherine Center,"Center, Katherine",,125021940X,9781250219404,0,3.95,St. Martin's Press,Kindle Edition,310,2022,2022,2023/06/08,2023/03/30,,,read,,,,1,0
60732483,"Beartown (Beartown, #1)",Fredrik Backman,"Backman, Fredrik",,,,0,4.29, Atria Books,Kindle Edition,430,2022,2016,2023/06/04,2023/05/25,,,read,,,,1,0
61761938,Happy Place,Emily Henry,"Henry, Emily",,0593441206,9780593441206,3,3.95,Berkley,Kindle Edition,395,2023,2023,2023/05/24,2023/04/12,,,read,,,,1,0
58554044,"Really Good, Actually",Monica Heisey,"Heisey, Monica",,0063235439,9780063235434,3,3.14,William Morrow,Kindle Edition,377,2023,2023,2023/03/27,2023/01/11,,,read,,,,1,0
27189194,One True Loves,Taylor Jenkins Reid,"Reid, Taylor Jenkins",,,,0,4.02,Washington Square Press,Kindle Edition,352,2016,2016,2023/05/20,2023/04/02,,,read,,,,1,0
62015945,"Yours Truly (Part of Your World, #2)",Abby Jimenez,"Jimenez, Abby",,1538704412,9781538704417,0,4.30,Forever ,Kindle Edition,417,2023,2023,2023/05/17,2023/05/14,,,read,,,,1,0
27362503,"It Ends with Us (It Ends with Us, #1)",Colleen Hoover,"Hoover, Colleen",,1668021048,9781668021040,1,4.09,Atria Books,Kindle Edition,386,2023,2016,2022/03/26,2021/08/12,,,read,,,,1,0
60437824,Carrie Soto Is Back,Taylor Jenkins Reid,"Reid, Taylor Jenkins",,0593158695,9780593158692,5,4.20,Ballantine Books,Kindle Edition,371,2022,2022,2023/02/25,2022/12/27,,,read,,,,1,0
56249410,The Matchmaker's Gift,Lynda Cohen Loigman,"Loigman, Lynda Cohen",,1250278082,9781250278081,4,4.14,St. Martin's Press,Kindle Edition,320,2022,2022,2023/03/24,2022/11/23,,,read,,,,1,0
61399406,Patricia Wants to Cuddle,Samantha  Allen,"Allen, Samantha",,,,1,3.50,Zando ,Kindle Edition,256,2022,2022,2023/03/18,2023/03/14,,,read,,,,1,0
59926642,Thank You for Listening,Julia  Whelan,"Whelan, Julia",,,,0,3.99,Avon,Kindle Edition,423,2022,2022,2023/05/05,2023/04/16,,,read,,,,1,0
59710157,Remarkably Bright Creatures,Shelby Van Pelt,"Pelt, Shelby Van",,0063204177,9780063204171,5,4.36,Ecco,Kindle Edition,362,2022,2022,2023/04/25,2023/04/21,,,read,,,,1,0
60825634,The Villa,Rachel Hawkins,"Hawkins, Rachel",,1250280028,9781250280022,0,3.62,St. Martin’s Press,Kindle Edition,290,2023,2023,2023/04/20,2023/02/09,,,read,,,,1,0
37793761,99 Percent Mine,Sally  Thorne,"Thorne, Sally",,,,0,3.34,William Morrow Paperbacks,Kindle Edition,349,2019,2019,2023/04/14,2022/03/29,,,read,,,,1,0
60487511,"The Love Wager (Mr. Wrong Number, #2)",Lynn Painter,"Painter, Lynn",,0593437292,9780593437292,0,3.86,Berkley,Kindle Edition,315,2023,2023,,2023/04/10,to-read,to-read (#70),to-read,,,,0,0
56169546,"The Last Thing He Told Me (Hannah Hall, #1)",Laura Dave,"Dave, Laura",,1501171364,9781501171369,0,3.83,Simon & Schuster,Kindle Edition,316,2021,2021,2023/04/09,2021/08/18,,,read,,,,1,0
59912428,Mad Honey,Jodi Picoult,"Picoult, Jodi",Jennifer Finney Boylan,1984818384,9781984818386,0,4.07,Ballantine,Hardcover,464,2022,2022,,2023/04/02,to-read,to-read (#69),to-read,,,,0,0
56499063,Ghosts,Dolly Alderton,"Alderton, Dolly",,0593319869,9780593319864,0,3.87,Knopf,Kindle Edition,320,2021,2020,2023/04/02,2023/02/15,,,read,,,,1,0
58684524,"Part of Your World (Part of Your World, #1)",Abby Jimenez,"Jimenez, Abby",,1538704374,9781538704370,0,4.26,Forever,Paperback,389,2022,2022,2023/03/30,2022/12/01,,,read,,,,1,0
59345253,Something Wilder,Christina Lauren,"Lauren, Christina",,1982173408,9781982173401,0,3.65,Gallery Books,Hardcover,384,2022,2022,,2023/03/27,to-read,to-read (#68),to-read,,,,0,0
25467698,The Love That Split the World,Emily Henry,"Henry, Emily",,0698408152,9780698408159,0,3.54,Razorbill,Kindle Edition,396,2016,2016,2023/03/13,2023/03/04,,,read,,,,1,0
59878601,The Authenticity Project,Clare Pooley,"Pooley, Clare",,,,0,3.94,Pamela Dorman Books,Kindle Edition,367,2020,2020,2023/03/04,2022/08/22,,,read,,,,1,0
58583090,The Good Left Undone,Adriana Trigiani,"Trigiani, Adriana",,0593183339,9780593183335,0,3.98,Dutton,Kindle Edition,447,2022,2022,2023/02/21,2022/05/05,,,read,,,,1,0
40874032,"Vicious (Villains, #1)",V.E. Schwab,"Schwab, V.E.",Victoria Schwab,,,0,4.19,Tor Books,Kindle Edition,402,2013,2013,,2023/01/07,to-read,to-read (#67),to-read,,,,0,0
60759669,A Scatter of Light,Malinda Lo,"Lo, Malinda",,0525555293,,0,3.83,Dutton,Kindle Edition,333,2022,2022,2022/12/31,2022/11/18,,,read,,,,1,0
63911372,A Man Called Otto,Fredrik Backman,"Backman, Fredrik",Henning Koch,,,5,4.38,Atria Books,Kindle Edition,346,2022,2012,2022/12/25,2022/12/15,,,read,,,,1,0
32075861,The Essex Serpent,Sarah Perry,"Perry, Sarah",,0062666371,9780062666376,0,3.52,Mariner Books,Hardcover,422,2017,2016,,2022/12/18,to-read,to-read (#65),to-read,,,,0,0
34117496,"Age of Order (Age of Order, #1)",Julian North,"North, Julian",,,,0,4.05,Plebeian Media,Kindle Edition,415,2017,,,2022/12/18,to-read,to-read (#64),to-read,,,,0,0
56950444,"The Christmas Bookshop (The Christmas Bookshop, #1)",Jenny Colgan,"Colgan, Jenny",,006314168X,9780063141681,0,3.71,Avon,Kindle Edition,335,2021,2021,2022/12/11,2021/12/12,,,read,,,,1,0
32187419,Conversations with Friends,Sally Rooney,"Rooney, Sally",,0451499077,9780451499073,0,3.74,Hogarth,Kindle Edition,304,2017,2017,2022/12/01,2022/08/05,,,read,,,,1,0
59259386,"The Ex Hex (The Ex Hex, #1)",Erin Sterling,"Sterling, Erin",Rachel Hawkins,,,0,3.48,Avon,Kindle Edition,318,2021,2021,2022/11/26,2022/11/19,,,read,,,,1,0
59949720,"The Kiss Curse (The Ex Hex, #2)",Erin Sterling,"Sterling, Erin",,0063027518,9780063027510,0,3.75,Avon,Paperback,309,2022,2022,,2022/11/21,to-read,to-read (#63),to-read,,,,0,0
52245397,The Roughest Draft,Emily Wibberley,"Wibberley, Emily",Austin Siegemund-Broka,,,0,3.57,Berkley,Kindle Edition,336,2022,2022,2022/11/19,2022/02/05,,,read,,,,1,0
60026536,Every Summer After,Carley Fortune,"Fortune, Carley",,,,0,4.18,Berkley,Kindle Edition,320,2022,2022,2022/11/11,2022/07/09,,,read,,,,1,0
54430882,My Ride or Die,Leslie  Cohen,"Cohen, Leslie",,0062966790,9780062966797,0,3.06, William Morrow Paperbacks,Kindle Edition,336,2021,2021,2022/10/28,2022/08/15,,,read,,,,1,0
57764236,A Holly Jolly Diwali,Sonya Lalli,"Lalli, Sonya",,0593100964,9780593100967,0,3.54,Berkley,Kindle Edition,335,2021,2021,2022/10/26,2021/12/12,,,read,,,,1,0
58724787,"Booked on a Feeling (A Sweet Mess, #3)",Jayci Lee,"Lee, Jayci",,1250621143,9781250621146,0,3.31,St. Martin's Griffin,Paperback,312,2022,2022,,2022/10/15,to-read,to-read (#62),to-read,,,,0,0
42270835,The Nickel Boys,Colson Whitehead,"Whitehead, Colson",,,,0,4.25,Doubleday,ebook,213,2019,2019,,2022/10/15,to-read,to-read (#61),to-read,,,,0,0
48850392,Well-Behaved Indian Women,Saumya Dave,"Dave, Saumya",,1984806165,9781984806161,0,3.77,Berkley,Kindle Edition,397,2020,2020,2022/10/11,2021/12/04,,,read,,,,1,0
58684163,The Island of Missing Trees,Elif Shafak,"Shafak, Elif",,1635578604,9781635578607,0,4.15,Bloomsbury Publishing,Kindle Edition,350,2021,2021,2022/10/02,2022/01/21,,,read,,,,1,0
448873,"The Thief (The Queen's Thief, #1)",Megan Whalen Turner,"Turner, Megan Whalen",,0060824972,9780060824976,0,3.85,Greenwillow Books,Paperback,280,2005,1996,,2022/09/24,to-read,to-read (#60),to-read,,,,0,0
59028418,How to Stop Time,Matt Haig,"Haig, Matt",,,,0,3.83,Penguin,Kindle Edition,333,2018,2018,2022/09/14,2022/09/01,,,read,,,,1,0
59651557,"Under One Roof (The STEMinist Novellas, #1)",Ali Hazelwood,"Hazelwood, Ali",,0593437810,9780593437810,0,3.65,Berkley,Kindle Edition,112,2022,2022,2022/08/29,2022/05/07,,,read,,,,1,0
55850578,Black Cake,Charmaine Wilkerson,"Wilkerson, Charmaine",,0593358341,9780593358344,0,4.08,Penguin Random House ,Kindle Edition,402,2022,2022,2022/08/22,2022/04/14,,,read,,,,1,0
57891877,The Magnolia Palace,Fiona  Davis,"Davis, Fiona",,,,0,3.87,Dutton,Kindle Edition,368,2022,2022,2022/08/01,2022/01/04,,,read,,,,1,0
59696611,"The Spanish Love Deception (Spanish Love Deception, #1)",Elena  Armas,"Armas, Elena",,,,0,3.80,Atria Books,Kindle Edition,447,2021,2021,2022/07/12,2022/04/10,,,read,,,,1,0
42201997,"What My Mother and I Don't Talk About: Fifteen Writers Break the Silence (What We Don't Talk About, #1)",Michele Filgate,"Filgate, Michele",,1982107340,9781982107345,0,3.75,Simon & Schuster,Hardcover,288,2019,2019,,2022/07/07,to-read,to-read (#59),to-read,,,,0,0
58473768,One Italian Summer,Rebecca Serle,"Serle, Rebecca",,1982166819,9781982166816,0,3.59,Atria,Kindle Edition,268,2022,2022,2022/07/05,2022/02/19,,,read,,,,1,0
18776673,The Perfume Collector,Kathleen Tessaro,"Tessaro, Kathleen",,,,0,4.00,Harper Collins,Kindle Edition,469,2013,2013,2022/07/02,2022/03/01,,,read,,,,1,0
59651555,"Stuck with You (The STEMinist Novellas, #2)",Ali Hazelwood,"Hazelwood, Ali",,,,0,3.56,Berkley,Kindle Edition,127,2022,2022,2022/06/21,2022/05/07,,,read,,,,1,0
58708383,Book Lovers,Emily Henry,"Henry, Emily",,,,0,4.10,Berkley,Kindle Edition,398,2022,2022,2022/06/08,2022/04/26,,,read,,,,1,0
55825273,The Comfort Book,Matt Haig,"Haig, Matt",,0143136666,9780143136668,0,4.06,Penguin Life,Hardcover,272,2021,2021,,2022/06/04,to-read,to-read (#58),to-read,,,,0,0
39664971,Maybe in Another Life,Taylor Jenkins Reid,"Reid, Taylor Jenkins",,,,0,3.79,Washington Square Press,ebook,353,2015,2015,2022/05/27,2022/03/12,,,read,,,,1,0
58529537,The Paris Apartment,Lucy Foley,"Foley, Lucy",,,,0,3.65,William Morrow,Kindle Edition,363,2022,2022,2022/05/20,2022/05/13,,,read,,,,1,0
30288282,The Immortalists,Chloe  Benjamin,"Benjamin, Chloe",,0735213186,9780735213180,0,3.71,G.P. Putnam's Sons,Hardcover,346,2018,2018,,2022/05/14,to-read,to-read (#57),to-read,,,,0,0
42201431,"The Unhoneymooners (Unhoneymooners, #1)",Christina Lauren,"Lauren, Christina",,1501128035,9781501128035,0,3.90,Gallery Books,Paperback,432,2019,2019,2022/05/13,2022/03/29,,,read,,,,1,0
56732449,The Love Hypothesis,Ali Hazelwood,"Hazelwood, Ali",,0593336828,9780593336823,0,4.11,Berkley Books,Paperback,356,2021,2021,2022/05/07,2021/12/12,,,read,,,,2,0
39338454,"The Bride Test (The Kiss Quotient, #2)",Helen  Hoang,"Hoang, Helen",,0451490827,9780451490827,0,3.81,Berkley,Paperback,320,2019,2019,,2022/05/07,to-read,to-read (#56),to-read,,,,0,0
57693416,The Golden Couple,Greer Hendricks,"Hendricks, Greer",Sarah Pekkanen,125027320X,9781250273208,0,3.97,St. Martin's Press,Hardcover,329,2022,2022,,2022/05/05,to-read,to-read (#55),to-read,,,,0,0
53588713,Under the Whispering Door,T.J. Klune,"Klune, T.J.",,,,0,4.12, Tor Books,Kindle Edition,390,2021,2021,2022/04/29,2022/03/12,,,read,,,,1,0
53138081,The Four Winds,Kristin Hannah,"Hannah, Kristin",,1250178606,9781250178602,0,4.30,St. Martin's Press,Hardcover,464,2021,2021,,2022/04/11,to-read,to-read (#54),to-read,,,,0,0
50623864,The Invisible Life of Addie LaRue,V.E. Schwab,"Schwab, V.E.",Victoria Schwab,0765387565,9780765387561,0,4.17,Tor Books,Hardcover,448,2020,2020,2022/04/10,2022/03/12,,,read,,,,1,0
34257841,Standard Deviation,Katherine Heiny,"Heiny, Katherine",,0385353820,9780385353823,0,3.59,Vintage,Kindle Edition,336,2017,2017,2022/04/10,2022/02/25,,,read,,,,1,0
36199084,"The Kiss Quotient (The Kiss Quotient, #1)",Helen  Hoang,"Hoang, Helen",,0451490819,,0,3.87,Berkley,Kindle Edition,323,2018,2018,,2022/04/10,to-read,to-read (#53),to-read,,,,0,0
57514395,"The American Roommate Experiment (Spanish Love Deception, #2)",Elena  Armas,"Armas, Elena",,1398515647,9781398515642,0,3.79,Simon & Schuster UK,Paperback,406,2022,2022,,2022/04/10,to-read,to-read (#52),to-read,,,,0,0
33986333,The Hating Game,Sally  Thorne,"Thorne, Sally",,,,0,3.86,William Morrow Paperbacks,Kindle Edition,369,2019,2016,2022/03/29,2021/10/28,,,read,,,,1,0
29044,The Secret History,Donna Tartt,"Tartt, Donna",,1400031702,9781400031702,0,4.16,Vintage Books,Paperback,559,2004,1992,,2022/03/12,to-read,to-read (#51),to-read,,,,0,0
58040512,Normal People,Sally Rooney,"Rooney, Sally",,,,0,3.81,Hogarth,Kindle Edition,279,2019,2018,2022/03/03,2021/10/09,,,read,,,,1,0
30753568,Slightly South of Simple (Peachtree Bluff #1),Kristy Woodson Harvey,"Harvey, Kristy Woodson",,1501158058,9781501158056,0,3.99,Gallery Books,Paperback,368,2017,2017,,2022/03/01,to-read,to-read (#50),to-read,,,,0,0
51082394,Queen Bee,Jane Fallon,"Fallon, Jane",,1405943343,9781405943345,0,3.84,Penguin,Paperback,399,2020,2020,,2022/02/28,to-read,to-read (#49),to-read,,,,0,0
56379302,Circus of Wonders,Elizabeth Macneal,"Macneal, Elizabeth",,1529002532,9781529002539,0,3.63,Picador,Hardcover,384,2021,2021,,2022/02/28,to-read,to-read (#48),to-read,,,,0,0
56305491,Early Morning Riser,Katherine Heiny,"Heiny, Katherine",,0525659358,9780525659358,0,3.57,Knopf,Kindle Edition,337,2021,2021,2022/02/25,2022/02/20,,,read,,,,1,0
56665713,"Beautiful World, Where Are You",Sally Rooney,"Rooney, Sally",,,,0,3.53,"Farrar, Straus and Giroux",ebook,358,2021,2021,2022/02/25,2021/10/27,,,read,,,,1,0
27276357,The Girls in the Garden,Lisa Jewell,"Jewell, Lisa",,1476792216,9781476792217,0,3.55,Atria Books,Hardcover,320,2016,2015,,2022/02/25,to-read,to-read (#47),to-read,,,,0,0
57693165,The Christie Affair,Nina de Gramont,"Gramont, Nina de",,1250274613,9781250274618,0,3.71,St. Martin's Press,Hardcover,320,2022,2022,,2022/02/19,to-read,to-read (#46),to-read,,,,0,0
57933338,Violeta,Isabel Allende,"Allende, Isabel",Frances Riddle,0593496205,9780593496206,0,4.03,Ballantine Books,Paperback,322,2022,2022,,2022/02/19,to-read,to-read (#45),to-read,,,,0,0
57739876,To Paradise,Hanya Yanagihara,"Yanagihara, Hanya",,0385547935,9780385547932,0,3.74,Doubleday,Hardcover,720,2022,2022,,2022/02/19,to-read,to-read (#44),to-read,,,,0,0
57312022,"The House in the Cerulean Sea (Cerulean Chronicles, #1)",T.J. Klune,"Klune, T.J.",,,,0,4.37,Tor Books,ebook,393,2020,2020,2022/02/19,2021/10/22,,,read,,,,1,0
41067050,Park Avenue Summer,Renée Rosen,"Rosen, Renée",,1101991151,9781101991152,0,3.96,Berkley,Kindle Edition,366,2019,2019,2022/02/15,2022/01/21,,,read,,,,1,0
59078993,One Night on the Island,Josie Silver,"Silver, Josie",,198482063X,9781984820631,0,3.74,Ballantine Books,Paperback,368,2022,2022,,2022/02/05,to-read,to-read (#43),to-read,,,,0,0
52761909,The Paris Library,Janet Skeslien Charles,"Charles, Janet Skeslien",,1982134194,9781982134198,0,4.06,Atria Books,Hardcover,368,2021,2021,,2022/02/05,to-read,to-read (#42),to-read,,,,0,0
49083252,The Lost Apothecary,Sarah Penner,"Penner, Sarah",,,,0,3.76,Park Row Books/HarperCollins,Kindle Edition,320,2021,2021,2022/02/04,2021/12/13,,,read,,,,1,0
58061810,The Paper Palace,Miranda Cowley Heller,"Heller, Miranda Cowley",,0593329848,9780593329849,0,3.79,Riverhead Books,Kindle Edition,400,2021,2021,2022/01/25,2021/12/12,,,read,,,,1,0
42292877,The Social Graces,Renée Rosen,"Rosen, Renée",,198480281X,9781984802811,0,3.98,Berkley ,Paperback,400,2021,2021,,2022/01/21,to-read,to-read (#41),to-read,,,,0,0
58448382,The Signature of All Things,Elizabeth Gilbert,"Gilbert, Elizabeth",,,,0,3.88,Riverhead Books,Kindle Edition,513,2013,2013,2022/01/21,2021/05/10,,,read,,,,1,0
58704546,Deconstructed,Liz Talley,"Talley, Liz",,1542032849,9781542032841,0,4.12,Montlake,Kindle Edition,331,2022,2022,,2022/01/10,to-read,to-read (#40),to-read,,,,0,0
45891343,The Upside of Falling,Alex Light,"Light, Alex",,0062918052,9780062918055,0,3.60,HarperTeen,Hardcover,288,2020,2020,,2022/01/09,to-read,to-read (#39),to-read,,,,0,0
57577167,On a Night Like This,Lindsey Kelk,"Kelk, Lindsey",,0008496757,9780008496753,0,3.81,HarperCollins,Paperback,342,2022,2021,,2022/01/05,to-read,to-read (#38),to-read,,,,0,0
54908101,The Wife Upstairs,Rachel Hawkins,"Hawkins, Rachel",,1250245516,9781250245519,0,3.73,St. Martin's Press,Kindle Edition,277,2021,2021,2022/01/04,2021/12/27,,,read,,,,1,0
55439366,Malibu Rising,Taylor Jenkins Reid,"Reid, Taylor Jenkins",,,,0,4.02,Ballantine Books,Kindle Edition,365,2021,2021,2021/12/28,2021/09/29,,,read,,,,1,0
57151981,Beasts of a Little Land,Juhea Kim,"Kim, Juhea",,006309357X,9780063093577,0,4.02,Ecco,Hardcover,416,2021,2021,,2021/12/27,to-read,to-read (#37),to-read,,,,0,0
37506014,The Masterpiece,Fiona  Davis,"Davis, Fiona",,,,0,3.86,Dutton ,ebook,368,2018,2018,2021/12/20,2021/05/30,,,read,,,,1,0
55659629,"It Happened One Summer (Bellinger Sisters, #1)",Tessa Bailey,"Bailey, Tessa",,0063045656,9780063045651,0,3.91,Avon,Paperback,397,2021,2021,,2021/12/12,to-read,to-read (#36),to-read,,,,0,0
53568397,The Midnight Library,Matt Haig,"Haig, Matt",,0525559485,9780525559481,0,3.98,Viking ,Kindle Edition,288,2020,2020,2021/12/11,2021/05/11,,,read,,,,1,0
52195151,The Vanishing Half,Brit Bennett,"Bennett, Brit",,,,0,4.13,Riverhead Books,Kindle Edition,350,2020,2020,2021/12/05,2021/05/10,,,read,,,,1,0
58938741,The Southern Book Club's Guide to Slaying Vampires,Grady Hendrix,"Hendrix, Grady",,,,0,3.79,Quirk Books,Kindle Edition,410,2020,2020,2021/11/22,2021/05/25,,,read,,,,1,0
52195137,Beach Read,Emily Henry,"Henry, Emily",,,,0,3.98,Berkley,Kindle Edition,400,2020,2020,2021/11/17,2021/05/10,,,read,,,,1,0
44422774,The Other Mrs.,Mary Kubica,"Kubica, Mary",,148809960X,9781488099601,0,3.74,Park Row,ebook,405,2020,2020,,2021/11/17,to-read,to-read (#35),to-read,,,,0,0
55076069,People We Meet on Vacation,Emily Henry,"Henry, Emily",,,,5,3.85,Berkley Books,Kindle Edition,382,2021,2021,2021/11/03,2021/06/14,,,read,,,,1,0
21853621,The Nightingale,Kristin Hannah,"Hannah, Kristin",,0312577222,9780312577223,0,4.64,St. Martin's Press,Hardcover,440,2015,2015,,2021/10/28,to-read,to-read (#34),to-read,,,,0,0
53256108,All's Well,Mona Awad,"Awad, Mona",,,,0,3.74,Simon & Schuster,Hardcover,352,2021,2021,,2021/10/27,to-read,to-read (#33),to-read,,,,0,0
53441185,Pretty Little Wife,Darby Kane,"Kane, Darby",,0063016400,9780063016408,0,3.91,William Morrow Paperbacks,Paperback,403,2020,2020,,2021/10/26,to-read,to-read (#32),to-read,,,,0,0
51545054,"See Her Die (Bree Taggert, #2)",Melinda Leigh,"Leigh, Melinda",,1542015499,9781542015493,0,4.43,Montlake,Kindle Edition,315,2020,2020,,2021/10/26,to-read,to-read (#31),to-read,,,,0,0
37486235,Cross Her Heart,Sarah Pinborough,"Pinborough, Sarah",,0062856790,9780062856791,0,3.69,William Morrow,Hardcover,341,2018,2018,,2021/10/26,to-read,to-read (#30),to-read,,,,0,0
51037979,In an Instant,Suzanne Redfearn,"Redfearn, Suzanne",,1542006597,9781542006590,0,4.34,Lake Union Publishing,Kindle Edition,326,2020,2020,,2021/10/26,to-read,to-read (#29),to-read,,,,0,0
40545956,Where the Forest Meets the Stars,Glendy Vanderah,"Vanderah, Glendy",,154204006X,9781542040068,0,4.13,Lake Union Publishing,Hardcover,332,2019,2019,,2021/10/26,to-read,to-read (#28),to-read,,,,0,0
43717362,When We Believed in Mermaids,Barbara O'Neal,"O'Neal, Barbara",,1542004519,9781542004510,0,4.17,Lake Union Publishing,Kindle Edition,348,2019,2019,,2021/10/26,to-read,to-read (#27),to-read,,,,0,0
39796904,My Lovely Wife,Samantha  Downing,"Downing, Samantha",,,,0,3.83,Berkley Books,Hardcover,390,2019,2019,,2021/10/26,to-read,to-read (#26),to-read,,,,0,0
22695,Summer Sisters,Judy Blume,"Blume, Judy",,0440243750,9780440243755,0,3.85,Dell,Paperback,416,2006,1999,,2021/10/26,to-read,to-read (#25),to-read,,,,0,0
32956365,The Light We Lost,Jill Santopolo,"Santopolo, Jill",,0735212759,9780735212756,0,3.84,G.P. Putnam's Sons,Hardcover,328,2017,2017,,2021/10/26,to-read,to-read (#24),to-read,,,,0,0
48925321,A Most Beautiful Thing: The True Story of America's First All-Black High School Rowing Team,Arshay Cooper,"Cooper, Arshay",,1250754763,9781250754769,0,4.35,Flatiron Books,Hardcover,240,2020,2020,,2021/10/26,to-read,to-read (#23),to-read,,,,0,0
40700317,The Secrets We Kept,Lara Prescott,"Prescott, Lara",,0525656162,9780525656166,0,3.65,Knopf ,Kindle Edition,368,2019,2019,2021/10/02,2021/08/13,to-read,to-read (#22),to-read,,,,1,0
25092686,November 9,Colleen Hoover,"Hoover, Colleen",,,,0,4.11,Atria Books,ebook,320,2015,2015,2021/10/23,2021/05/11,,,read,,,,1,0
45416596,The Seven Husbands of Evelyn Hugo,Taylor Jenkins Reid,"Reid, Taylor Jenkins",,,,0,4.40,Washington Square Press,Kindle Edition,434,2017,2017,2021/10/20,2021/05/10,,,read,,,,1,0
13623848,The Song of Achilles,Madeline Miller,"Miller, Madeline",,,,0,4.31,Ecco,Paperback,408,2012,2011,,2021/10/09,to-read,to-read (#21),to-read,,,,0,0
41957126,Verity,Colleen Hoover,"Hoover, Colleen",,,,0,4.30,"Hoover Ink, Inc.",Kindle Edition,324,2018,2018,,2021/10/07,to-read,to-read (#20),to-read,,,,0,0
54870216,How Lucky,Will Leitch,"Leitch, Will",,0063073099,9780063073098,0,3.77,Harper,Hardcover,290,2021,2021,,2021/09/30,to-read,to-read (#19),to-read,,,,0,0
49534036,Anxious People,Fredrik Backman,"Backman, Fredrik",Neil   Smith,1501160850,9781501160851,0,4.17,Atria Books,Kindle Edition,346,2020,2019,2021/09/27,2021/05/10,,,read,,,,1,0
57792442,Five Tuesdays in Winter,Lily King,"King, Lily",,0802158773,9780802158772,0,3.71,Grove Press,ebook,205,2021,2021,,2021/09/15,to-read,to-read (#18),to-read,,,,0,0
50395093,Writers & Lovers,Lily King,"King, Lily",,0802148557,9780802148551,5,4.00,Grove Atlantic,Kindle Edition,295,2020,2020,2021/08/18,2021/05/29,,,read,,,,2,0
46008430,Indelicacy,Amina Cain,"Cain, Amina",,0374718733,9780374718732,0,3.58,"Farrar, Straus and Giroux",Kindle Edition,176,2020,2020,2021/08/18,2021/07/06,,,read,,,,1,0
52909027,The Lies That Bind,Emily Giffin,"Giffin, Emily",,0399178953,9780399178955,0,3.76,Ballantine Books,Hardcover,352,2020,2020,,2021/08/17,to-read,to-read (#17),to-read,,,,0,0
42647003,The Chelsea Girls,Fiona  Davis,"Davis, Fiona",,,,5,3.86,Dutton,ebook,368,2019,2019,2021/08/13,2021/06/20,,,read,,,,1,0
50093704,In Five Years,Rebecca Serle,"Serle, Rebecca",,1982137444,9781982137441,0,3.78,Atria Books,Hardcover,272,2020,2020,,2021/08/12,to-read,to-read (#16),to-read,,,,0,0
52347808,Every Last Secret,A.R. Torre,"Torre, A.R.",,1542020182,9781542020183,0,3.94,Thomas & Mercer,Kindle Edition,291,2020,2020,,2021/08/12,to-read,to-read (#15),to-read,,,,0,0
43923951,Such a Fun Age,Kiley Reid,"Reid, Kiley",,052554190X,9780525541905,0,3.77,G.P. Putnam's Sons,Hardcover,310,2019,2019,,2021/08/09,to-read,to-read (#14),to-read,,,,0,0
43124137,The Beekeeper of Aleppo,Christy Lefteri,"Lefteri, Christy",,1984821210,9781984821218,0,4.17,Ballantine Books,Hardcover,317,2019,2019,,2021/08/09,to-read,to-read (#13),to-read,,,,0,0
62963,"Slow Days, Fast Company: The World, the Flesh, and L.A.",Eve Babitz,"Babitz, Eve",,,,0,4.09,Random House ,Hardcover,178,1977,1977,,2021/07/06,to-read,to-read (#12),to-read,,,,0,0
28678119,"Paper Princess (The Royals, #1)",Erin Watt,"Watt, Erin","Elle Kennedy, Jen Frederick",,,0,3.91,Timeout LLC,Kindle Edition,370,2016,2016,,2021/06/20,to-read,to-read (#11),to-read,,,,0,0
5821978,"The Summer I Turned Pretty (Summer, #1)",Jenny Han,"Han, Jenny",,1416968237,9781416968238,0,3.74,Simon & Schuster Books for Young Readers,Hardcover,276,2009,2009,,2021/06/20,to-read,to-read (#10),to-read,,,,0,0
48814109,The Lions of Fifth Avenue,Fiona  Davis,"Davis, Fiona",,1524744611,9781524744618,5,3.90,Dutton,Hardcover,354,2020,2020,2021/06/20,2021/05/30,,,read,,,,1,0
36206591,Love and Other Words,Christina Lauren,"Lauren, Christina",,1501190539,9781501190537,0,4.22,Gallery Books,Hardcover,432,2018,2018,,2021/06/14,to-read,to-read (#9),to-read,,,,0,0
20820994,I'll Give You the Sun,Jandy Nelson,"Nelson, Jandy",,0803734964,9780803734968,0,4.15,Dial Books,Hardcover,371,2014,2014,,2021/06/14,to-read,to-read (#8),to-read,,,,0,0
55648820,Seven Days in June,Tia Williams,"Williams, Tia",,,,0,3.99,Grand Central Publishing,Hardcover,336,2021,2021,,2021/06/01,to-read,to-read (#7),to-read,,,,0,0
55467800,That Summer,Jennifer Weiner,"Weiner, Jennifer",,1501133543,9781501133541,0,3.75,Atria Books,Hardcover,422,2021,2021,,2021/05/30,to-read,to-read (#6),to-read,,,,0,0
54974710,The Next Wife,Kaira Rouda,"Rouda, Kaira",,1542025958,9781542025959,4,3.75,Thomas & Mercer,Kindle Edition,306,2021,2021,2021/05/30,2021/05/10,,,read,,,,1,0
42201996,"Ask Again, Yes",Mary Beth Keane,"Keane, Mary Beth",,1982106980,9781982106980,0,3.93,Scribner,Hardcover,388,2019,2019,,2021/05/10,to-read,to-read (#5),to-read,,,,0,0
28187230,"The Woman in Cabin 10 (Lo Blacklock, #1)",Ruth Ware,"Ware, Ruth",,1501132938,9781501132933,0,3.73,Scout Press,Hardcover,341,2016,2016,,2021/05/10,to-read,to-read (#4),to-read,,,,0,0
6739986,"City of Lost Girls (Ed Loy, #5)",Declan Hughes,"Hughes, Declan",,0061689904,9780061689901,0,3.56,William Morrow,Hardcover,304,2010,2010,,2021/05/10,to-read,to-read (#3),to-read,,,,0,0
23204,Stern Men,Elizabeth Gilbert,"Gilbert, Elizabeth",,061812733X,9780618127337,0,3.45,Mariner Books,Paperback,289,2001,2000,,2021/05/10,to-read,to-read (#2),to-read,,,,0,0
38315479,The Runaway Wife,Dee MacDonald,"MacDonald, Dee",,1786813548,9781786813541,0,4.04,Bookouture,Kindle Edition,334,2018,2018,,2021/05/10,to-read,to-read (#1),to-read,,,,0,0